game_id,play_id,type,frame,x,y,tracklet_id
19783001319551,6,teammate,72200,24.4789,26.2661,1
19783001319551,6,teammate,72201,24.3773,25.9362,1
19783001319551,6,teammate,72202,24.844,25.9456,1
19783001319551,6,teammate,72203,24.7808,26.1066,1
19783001319551,6,teammate,72204,24.7371,25.9108,1
19783001319551,6,teammate,72205,24.5919,26.1583,1
19783001319551,6,teammate,72206,24.5373,26.0526,1
19783001319551,6,teammate,72207,24.3738,25.9868,1
19783001319551,6,teammate,72208,24.1988,26.0378,1
19783001319551,6,teammate,72209,24.1645,26.1223,1
19783001319551,6,teammate,72210,23.3756,26.2693,1
19783001319551,6,teammate,72211,23.2302,26.1661,1
19783001319551,6,teammate,72212,23.2299,25.9822,1
19783001319551,6,teammate,72213,23.1631,26.3019,1
19783001319551,6,teammate,72214,22.6407,25.9704,1
19783001319551,6,teammate,72215,23.0911,26.0455,1
19783001319551,6,teammate,72216,22.4895,26.124,1
19783001319551,6,teammate,72217,22.4336,26.174,1
19783001319551,6,teammate,72218,22.5171,26.188,1
19783001319551,6,teammate,72219,21.8418,26.2063,1
19783001319551,6,teammate,72220,21.6847,26.6237,1
19783001319551,6,teammate,72221,21.3137,26.3235,1
19783001319551,6,teammate,72222,21.2643,26.2758,1
19783001319551,6,teammate,72223,20.9113,26.4018,1
19783001319551,6,teammate,72224,20.9186,26.2192,1
19783001319551,6,teammate,72225,20.7152,26.441,1
19783001319551,6,teammate,72226,20.6029,26.1194,1
19783001319551,6,teammate,72227,20.1565,26.1414,1
19783001319551,6,teammate,72228,19.8332,26.4002,1
19783001319551,6,teammate,72229,19.3381,26.647,1
19783001319551,6,teammate,72230,18.9637,26.3195,1
19783001319551,6,teammate,72231,18.8896,26.6763,1
19783001319551,6,teammate,72232,18.7601,26.8311,1
19783001319551,6,teammate,72233,18.7255,26.9207,1
19783001319551,6,teammate,72234,18.5228,27.2536,1
19783001319551,6,teammate,72235,17.8908,27.3391,1
19783001319551,6,teammate,72236,16.9376,26.7899,1
19783001319551,6,teammate,72237,16.7632,26.9705,1
19783001319551,6,teammate,72238,16.2392,26.8403,1
19783001319551,6,teammate,72239,16.3537,27.1932,1
19783001319551,6,teammate,72240,15.7485,26.761,1
19783001319551,6,teammate,72241,15.4469,27.0098,1
19783001319551,6,teammate,72242,14.8436,26.7669,1
19783001319551,6,teammate,72243,15.3068,26.8281,1
19783001319551,6,teammate,72244,15.1409,26.1739,1
19783001319551,6,teammate,72245,14.6082,25.8044,1
19783001319551,6,teammate,72246,13.88,25.3723,1
19783001319551,6,teammate,72247,13.9475,25.4028,1
19783001319551,6,teammate,72248,13.5445,24.8519,1
19783001319551,6,teammate,72249,13.3164,24.4809,1
19783001319551,6,teammate,72250,13.6207,24.5438,1
19783001319551,6,teammate,72251,13.1886,24.2117,1
19783001319551,6,teammate,72252,12.9619,24.0595,1
19783001319551,6,teammate,72253,12.7156,23.9572,1
19783001319551,6,teammate,72254,12.4974,24.1684,1
19783001319551,6,teammate,72255,12.6326,24.4369,1
19783001319551,6,teammate,72256,12.3431,24.5821,1
19783001319551,6,teammate,72257,12.5009,25.1812,1
19783001319551,6,teammate,72258,12.2864,25.4486,1
19783001319551,6,teammate,72259,12.3324,25.9018,1
19783001319551,6,teammate,72260,12.3214,26.1946,1
19783001319551,6,teammate,72261,11.9727,25.9191,1
19783001319551,6,teammate,72262,12.2501,26.1318,1
19783001319551,6,teammate,72263,12.2048,26.3953,1
19783001319551,6,teammate,72264,12.5516,26.0162,1
19783001319551,6,teammate,72265,12.1641,25.8005,1
19783001319551,6,teammate,72266,11.7241,24.9656,1
19783001319551,6,teammate,72267,11.6355,24.4705,1
19783001319551,6,teammate,72268,11.5249,24.2239,1
19783001319551,6,teammate,72269,11.4377,23.9688,1
19783001319551,6,teammate,72270,11.3808,23.5652,1
19783001319551,6,teammate,72271,11.0878,23.0448,1
19783001319551,6,teammate,72272,10.9821,22.718,1
19783001319551,6,teammate,72273,11.1982,22.6321,1
19783001319551,6,teammate,72274,11.4615,23.2334,1
19783001319551,6,teammate,72275,11.4215,23.304,1
19783001319551,6,teammate,72276,11.5116,23.7238,1
19783001319551,6,teammate,72277,11.7633,24.0536,1
19783001319551,6,teammate,72278,11.6742,24.3014,1
19783001319551,6,teammate,72279,11.5815,24.403,1
19783001319551,6,teammate,72280,11.5717,24.385,1
19783001319551,6,teammate,72281,11.6744,24.5295,1
19783001319551,6,teammate,72282,11.6888,24.3994,1
19783001319551,6,teammate,72283,11.3517,23.9518,1
19783001319551,6,teammate,72284,11.058,23.2161,1
19783001319551,6,teammate,72285,10.9442,22.674,1
19783001319551,6,teammate,72286,10.724,22.2448,1
19783001319551,6,teammate,72287,10.4369,21.5972,1
19783001319551,6,teammate,72288,10.3163,21.099,1
19783001319551,6,teammate,72289,10.1927,20.4516,1
19783001319551,6,teammate,72290,10.0985,19.7771,1
19783001319551,6,teammate,72291,9.70623,19.2918,1
19783001319551,6,teammate,72292,9.74819,19.8147,1
19783001319551,6,teammate,72293,9.62968,19.2319,1
19783001319551,6,teammate,72294,9.13519,19.1134,1
19783001319551,6,teammate,72295,9.36539,19.3577,1
19783001319551,6,teammate,72296,9.25311,19.2373,1
19783001319551,6,teammate,72297,8.9614,18.8317,1
19783001319551,6,teammate,72298,8.78567,18.8048,1
19783001319551,6,teammate,72299,8.60125,18.6823,1
19783001319551,6,teammate,72300,8.38147,18.1243,1
19783001319551,6,teammate,72301,8.17457,17.8678,1
19783001319551,6,teammate,72302,8.27122,17.2861,1
19783001319551,6,teammate,72303,8.03047,17.5113,1
19783001319551,6,teammate,72304,7.54413,16.9897,1
19783001319551,6,teammate,72305,7.59509,16.7281,1
19783001319551,6,teammate,72306,7.78153,16.8508,1
19783001319551,6,teammate,72307,7.68895,16.7011,1
19783001319551,6,teammate,72308,7.83218,16.8656,1
19783001319551,6,teammate,72309,7.86664,17.4316,1
19783001319551,6,teammate,72310,8.0443,16.8787,1
19783001319551,6,teammate,72311,7.94423,17.1783,1
19783001319551,6,teammate,72312,7.75041,17.0873,1
19783001319551,6,teammate,72313,7.69759,16.7801,1
19783001319551,6,teammate,72314,7.87412,17.4651,1
19783001319551,6,teammate,72315,7.74119,16.8718,1
19783001319551,6,teammate,72316,7.85267,16.9263,1
19783001319551,6,teammate,72317,7.91768,17.6718,1
19783001319551,6,teammate,72318,7.511,17.0972,1
19783001319551,6,teammate,72319,7.07109,16.693,1
19783001319551,6,teammate,72320,7.26767,17.0791,1
19783001319551,6,teammate,72321,6.96696,17.3507,1
19783001319551,6,teammate,72322,6.6767,17.2532,1
19783001319551,6,teammate,72323,6.89189,17.5168,1
19783001319551,6,teammate,72324,6.91217,17.6011,1
19783001319551,6,teammate,72325,6.39515,17.9981,1
19783001319551,6,teammate,72326,6.72788,17.8831,1
19783001319551,6,teammate,72327,6.6289,17.6798,1
19783001319551,6,teammate,72328,6.48607,18.219,1
19783001319551,6,teammate,72329,6.62031,18.499,1
19783001319551,6,teammate,72330,6.52413,18.4811,1
19783001319551,6,teammate,72331,6.29868,18.3045,1
19783001319551,6,teammate,72332,6.4998,18.4999,1
19783001319551,6,teammate,72333,6.53381,18.5412,1
19783001319551,6,teammate,72334,6.25421,18.2494,1
19783001319551,6,teammate,72335,6.0573,18.8549,1
19783001319551,6,teammate,72336,6.23617,19.4195,1
19783001319551,6,teammate,72337,6.26039,19.5228,1
19783001319551,6,teammate,72338,6.57133,20.1859,1
19783001319551,6,teammate,72339,6.22651,20.5311,1
19783001319551,6,teammate,72340,5.88683,20.5152,1
19783001319551,6,teammate,72341,6.54874,21.4053,1
19783001319551,6,teammate,72342,6.72155,21.4035,1
19783001319551,6,teammate,72343,7.15978,22.1325,1
19783001319551,6,teammate,72344,7.24311,22.447,1
19783001319551,6,teammate,72345,7.479,22.7122,1
19783001319551,6,teammate,72346,7.30277,22.3433,1
19783001319551,6,teammate,72347,7.4719,22.7932,1
19783001319551,6,teammate,72348,7.79447,23.3364,1
19783001319551,6,teammate,72349,7.62579,22.9344,1
19783001319551,6,teammate,72350,7.80999,22.9959,1
19783001319551,6,teammate,72351,8.4784,23.8236,1
19783001319551,6,teammate,72352,8.9276,24.2734,1
19783001319551,6,teammate,72353,9.15378,24.7724,1
19783001319551,6,teammate,72354,9.42345,25.7185,1
19783001319551,6,teammate,72355,9.10009,25.7498,1
19783001319551,6,teammate,72356,9.65568,26.9883,1
19783001319551,6,teammate,72357,9.70491,26.7487,1
19783001319551,6,teammate,72358,9.72937,27.0822,1
19783001319551,6,teammate,72359,9.89918,27.0262,1
19783001319551,6,teammate,72360,10.1003,26.6745,1
19783001319551,6,teammate,72361,10.3204,26.7854,1
19783001319551,6,teammate,72362,10.4304,26.6593,1
19783001319551,6,teammate,72363,10.3291,27.0381,1
19783001319551,6,teammate,72364,10.4147,26.633,1
19783001319551,6,teammate,72365,10.0829,26.2232,1
19783001319551,6,teammate,72366,10.7721,26.8168,1
19783001319551,6,teammate,72367,10.7195,27.1447,1
19783001319551,6,teammate,72368,11.1236,27.5547,1
19783001319551,6,teammate,72369,10.9825,27.5966,1
19783001319551,6,teammate,72370,11.2742,27.8176,1
19783001319551,6,teammate,72371,11.189,27.7461,1
19783001319551,6,teammate,72372,11.1734,27.3517,1
19783001319551,6,teammate,72373,10.7481,27.0143,1
19783001319551,6,teammate,72374,10.3088,26.407,1
19783001319551,6,teammate,72375,10.2045,26.7209,1
19783001319551,6,teammate,72376,10.094,27.2868,1
19783001319551,6,teammate,72377,10.9242,29.5987,1
19783001319551,6,defender,72200,19.8242,42.9456,2
19783001319551,6,defender,72201,19.6139,43.0913,2
19783001319551,6,defender,72202,20.4876,43.8931,2
19783001319551,6,defender,72203,20.9545,44.2143,2
19783001319551,6,defender,72204,21.2598,44.8337,2
19783001319551,6,defender,72205,21.2257,44.811,2
19783001319551,6,defender,72206,21.6265,45.639,2
19783001319551,6,defender,72207,21.7372,46.1041,2
19783001319551,6,defender,72208,21.7879,46.626,2
19783001319551,6,defender,72209,22.212,47.1663,2
19783001319551,6,defender,72210,21.4032,46.154,2
19783001319551,6,defender,72211,21.29,46.1156,2
19783001319551,6,defender,72212,21.4812,47.0368,2
19783001319551,6,defender,72213,21.4426,46.5414,2
19783001319551,6,defender,72214,20.6651,47.7187,2
19783001319551,6,defender,72215,21.4885,47.7304,2
19783001319551,6,defender,72216,21.197,45.7774,2
19783001319551,6,defender,72217,21.4199,46.4949,2
19783001319551,6,defender,72218,21.0175,46.6539,2
19783001319551,6,defender,72219,20.6854,46.2904,2
19783001319551,6,defender,72220,20.7389,45.8945,2
19783001319551,6,defender,72221,20.3459,45.4757,2
19783001319551,6,defender,72222,20.6068,45.683,2
19783001319551,6,defender,72223,20.6755,45.7226,2
19783001319551,6,defender,72224,20.8634,46.4512,2
19783001319551,6,defender,72225,20.804,46.4851,2
19783001319551,6,defender,72226,21.0301,46.7085,2
19783001319551,6,defender,72227,20.7794,46.3616,2
19783001319551,6,defender,72228,20.3896,45.5598,2
19783001319551,6,defender,72229,20.4439,45.3214,2
19783001319551,6,defender,72230,20.2521,45.5344,2
19783001319551,6,defender,72231,20.2617,45.102,2
19783001319551,6,defender,72232,20.3093,44.721,2
19783001319551,6,defender,72233,20.3929,44.1291,2
19783001319551,6,defender,72234,20.1464,44.1165,2
19783001319551,6,defender,72235,19.6223,43.2575,2
19783001319551,6,defender,72236,18.7342,42.8124,2
19783001319551,6,defender,72237,18.6514,41.9337,2
19783001319551,6,defender,72238,18.0783,42.2273,2
19783001319551,6,defender,72239,18.5637,41.8585,2
19783001319551,6,defender,72240,18.0865,41.779,2
19783001319551,6,defender,72241,17.786,41.3756,2
19783001319551,6,defender,72242,17.3363,41.4734,2
19783001319551,6,defender,72243,18.1483,41.1618,2
19783001319551,6,defender,72244,18.355,40.9408,2
19783001319551,6,defender,72245,17.7032,40.5022,2
19783001319551,6,defender,72246,16.9275,39.65,2
19783001319551,6,defender,72247,17.3795,39.6709,2
19783001319551,6,defender,72248,17.0956,39.0083,2
19783001319551,6,defender,72249,16.5004,38.0522,2
19783001319551,6,defender,72250,16.93,37.8023,2
19783001319551,6,defender,72251,16.397,37.0887,2
19783001319551,6,defender,72252,16.0813,36.2322,2
19783001319551,6,defender,72253,15.7125,35.3427,2
19783001319551,6,defender,72254,15.2083,34.627,2
19783001319551,6,defender,72255,15.0187,34.0302,2
19783001319551,6,defender,72256,14.374,33.1838,2
19783001319551,6,defender,72257,14.3434,33.0069,2
19783001319551,6,defender,72258,13.8862,32.7,2
19783001319551,6,defender,72259,13.7707,32.4951,2
19783001319551,6,defender,72260,13.6424,32.3037,2
19783001319551,6,defender,72261,13.2077,31.8861,2
19783001319551,6,defender,72262,13.3748,31.9782,2
19783001319551,6,defender,72263,13.2074,31.9205,2
19783001319551,6,defender,72264,13.4797,31.5586,2
19783001319551,6,defender,72265,13.0189,31.3173,2
19783001319551,6,defender,72266,12.4704,30.903,2
19783001319551,6,defender,72267,12.3747,30.2639,2
19783001319551,6,defender,72268,12.1866,30.1421,2
19783001319551,6,defender,72269,11.8815,29.8898,2
19783001319551,6,defender,72270,11.7402,29.3701,2
19783001319551,6,defender,72271,11.1581,28.8424,2
19783001319551,6,defender,72272,10.8396,28.3316,2
19783001319551,6,defender,72273,11.0669,28.0298,2
19783001319551,6,defender,72274,11.2837,28.4682,2
19783001319551,6,defender,72275,11.134,28.2722,2
19783001319551,6,defender,72276,11.0936,28.4869,2
19783001319551,6,defender,72277,11.3175,28.6008,2
19783001319551,6,defender,72278,11.2228,28.722,2
19783001319551,6,defender,72279,11.1614,28.7276,2
19783001319551,6,defender,72280,11.2083,28.6762,2
19783001319551,6,defender,72281,11.3995,28.8177,2
19783001319551,6,defender,72282,11.4942,28.7837,2
19783001319551,6,defender,72283,11.2581,28.4226,2
19783001319551,6,defender,72284,11.0666,27.8311,2
19783001319551,6,defender,72285,11.0438,27.4318,2
19783001319551,6,defender,72286,10.9373,27.077,2
19783001319551,6,defender,72287,10.7853,26.6073,2
19783001319551,6,defender,72288,10.7554,26.2598,2
19783001319551,6,defender,72289,10.7319,25.643,2
19783001319551,6,defender,72290,10.725,25.0622,2
19783001319551,6,defender,72291,10.5638,24.7699,2
19783001319551,6,defender,72292,10.6502,25.0744,2
19783001319551,6,defender,72293,10.699,24.5471,2
19783001319551,6,defender,72294,10.4513,24.5131,2
19783001319551,6,defender,72295,10.917,24.7328,2
19783001319551,6,defender,72296,11.1061,24.7461,2
19783001319551,6,defender,72297,11.0284,24.4919,2
19783001319551,6,defender,72298,11.2402,24.5792,2
19783001319551,6,defender,72299,11.4939,24.5612,2
19783001319551,6,defender,72300,11.6408,24.1676,2
19783001319551,6,defender,72301,11.8655,24.1388,2
19783001319551,6,defender,72302,11.8993,23.6002,2
19783001319551,6,defender,72303,12.2605,23.685,2
19783001319551,6,defender,72304,12.1729,23.4111,2
19783001319551,6,defender,72305,12.5693,22.9363,2
19783001319551,6,defender,72306,12.8787,22.7391,2
19783001319551,6,defender,72307,12.9398,22.1881,2
19783001319551,6,defender,72308,13.1952,21.9804,2
19783001319551,6,defender,72309,13.3117,21.9148,2
19783001319551,6,defender,72310,13.5477,21.0575,2
19783001319551,6,defender,72311,13.6602,20.8002,2
19783001319551,6,defender,72312,13.5882,20.2222,2
19783001319551,6,defender,72313,13.9935,19.6064,2
19783001319551,6,defender,72314,14.1791,19.6404,2
19783001319551,6,defender,72315,14.4766,18.8776,2
19783001319551,6,defender,72316,15.0798,18.845,2
19783001319551,6,defender,72317,15.2899,19.3038,2
19783001319551,6,defender,72318,15.3183,18.822,2
19783001319551,6,defender,72319,15.6722,18.4004,2
19783001319551,6,defender,72320,16.0961,18.731,2
19783001319551,6,defender,72321,16.3677,18.8684,2
19783001319551,6,defender,72322,16.6283,18.6695,2
19783001319551,6,defender,72323,17.015,18.7308,2
19783001319551,6,defender,72324,17.2732,18.5817,2
19783001319551,6,defender,72325,17.0884,18.4909,2
19783001319551,6,defender,72326,17.1419,18.2161,2
19783001319551,6,defender,72327,17.5548,17.9582,2
19783001319551,6,defender,72328,17.2703,18.072,2
19783001319551,6,defender,72329,17.3546,18.0625,2
19783001319551,6,defender,72330,17.1935,17.9431,2
19783001319551,6,defender,72331,16.8844,17.8157,2
19783001319551,6,defender,72332,17.1531,18.0471,2
19783001319551,6,defender,72333,16.7673,18.182,2
19783001319551,6,defender,72334,16.687,18.0692,2
19783001319551,6,defender,72335,16.4364,18.7022,2
19783001319551,6,defender,72336,16.1381,18.9503,2
19783001319551,6,defender,72337,15.9561,18.9697,2
19783001319551,6,defender,72338,15.8261,19.2258,2
19783001319551,6,defender,72339,15.5612,19.1038,2
19783001319551,6,defender,72340,15.1858,18.5749,2
19783001319551,6,defender,72341,15.197,18.5887,2
19783001319551,6,defender,72342,14.8993,17.8017,2
19783001319551,6,defender,72343,14.7195,17.4421,2
19783001319551,6,defender,72344,13.9572,17.1429,2
19783001319551,6,defender,72345,13.4803,16.8778,2
19783001319551,6,defender,72346,13.3573,15.9979,2
19783001319551,6,defender,72347,13.5069,15.9151,2
19783001319551,6,defender,72348,12.936,16.6317,2
19783001319551,6,defender,72349,12.6116,16.3474,2
19783001319551,6,defender,72350,12.5833,16.5148,2
19783001319551,6,defender,72351,12.6236,17.6193,2
19783001319551,6,defender,72352,12.6793,18.3539,2
19783001319551,6,defender,72353,12.5287,19.045,2
19783001319551,6,defender,72354,12.4765,20.0504,2
19783001319551,6,defender,72355,12.1266,19.9945,2
19783001319551,6,defender,72356,12.1206,21.2477,2
19783001319551,6,defender,72357,11.6786,20.8144,2
19783001319551,6,defender,72358,11.6014,20.7469,2
19783001319551,6,defender,72359,11.0695,20.4707,2
19783001319551,6,defender,72360,11.2339,19.971,2
19783001319551,6,defender,72361,10.9355,20.0478,2
19783001319551,6,defender,72362,10.5344,20.0834,2
19783001319551,6,defender,72363,9.82472,21.0208,2
19783001319551,6,defender,72364,9.5137,20.752,2
19783001319551,6,defender,72365,8.91808,20.274,2
19783001319551,6,defender,72366,9.07167,21.098,2
19783001319551,6,defender,72367,8.64341,21.2092,2
19783001319551,6,defender,72368,8.62537,21.2777,2
19783001319551,6,defender,72369,8.11268,20.8721,2
19783001319551,6,defender,72370,8.1116,20.7827,2
19783001319551,6,defender,72371,7.74715,20.6973,2
19783001319551,6,defender,72372,7.52107,20.5152,2
19783001319551,6,defender,72373,6.80112,20.8311,2
19783001319551,6,defender,72374,6.24584,21.2053,2
19783001319551,6,defender,72375,5.83714,22.4468,2
19783001319551,6,defender,72376,5.53798,22.7686,2
19783001319551,6,defender,72377,5.20375,21.6991,2
19783001319551,6,defender,72200,30.7446,33.2645,3
19783001319551,6,defender,72201,30.1968,33.1099,3
19783001319551,6,defender,72202,30.5733,33.1604,3
19783001319551,6,defender,72203,30.3714,33.2507,3
19783001319551,6,defender,72204,30.4952,33.2014,3
19783001319551,6,defender,72205,29.6909,32.9671,3
19783001319551,6,defender,72206,30.0383,33.2659,3
19783001319551,6,defender,72207,29.8186,33.3085,3
19783001319551,6,defender,72208,29.4776,33.3451,3
19783001319551,6,defender,72209,29.4532,33.5451,3
19783001319551,6,defender,72210,28.128,33.2519,3
19783001319551,6,defender,72211,27.9994,33.0508,3
19783001319551,6,defender,72212,28.2415,33.1918,3
19783001319551,6,defender,72213,27.8161,33.1306,3
19783001319551,6,defender,72214,27.6947,32.9153,3
19783001319551,6,defender,72215,28.0482,32.8949,3
19783001319551,6,defender,72216,27.3736,32.4935,3
19783001319551,6,defender,72217,27.4821,32.6752,3
19783001319551,6,defender,72218,27.5088,32.6446,3
19783001319551,6,defender,72219,27.0312,32.6917,3
19783001319551,6,defender,72220,26.757,33.0476,3
19783001319551,6,defender,72221,26.3306,32.694,3
19783001319551,6,defender,72222,26.3611,32.6431,3
19783001319551,6,defender,72223,26.0632,32.5782,3
19783001319551,6,defender,72224,26.2373,32.6621,3
19783001319551,6,defender,72225,26.1203,32.7024,3
19783001319551,6,defender,72226,26.1512,32.4436,3
19783001319551,6,defender,72227,25.7532,32.1467,3
19783001319551,6,defender,72228,25.2796,32.049,3
19783001319551,6,defender,72229,25.0051,32.1398,3
19783001319551,6,defender,72230,24.9321,31.9536,3
19783001319551,6,defender,72231,24.8173,32.3171,3
19783001319551,6,defender,72232,24.8555,32.5118,3
19783001319551,6,defender,72233,25.0274,32.6561,3
19783001319551,6,defender,72234,24.8308,33.2622,3
19783001319551,6,defender,72235,24.2109,33.4017,3
19783001319551,6,defender,72236,23.4722,33.2516,3
19783001319551,6,defender,72237,23.3341,33.3358,3
19783001319551,6,defender,72238,22.9776,33.7256,3
19783001319551,6,defender,72239,23.2182,34.0414,3
19783001319551,6,defender,72240,23.1406,33.8886,3
19783001319551,6,defender,72241,22.8365,34.0354,3
19783001319551,6,defender,72242,22.694,34.0103,3
19783001319551,6,defender,72243,23.2834,34.0641,3
19783001319551,6,defender,72244,23.7818,33.5221,3
19783001319551,6,defender,72245,23.4863,33.19,3
19783001319551,6,defender,72246,22.973,32.7906,3
19783001319551,6,defender,72247,23.4172,32.7856,3
19783001319551,6,defender,72248,23.5166,32.196,3
19783001319551,6,defender,72249,23.4737,31.4571,3
19783001319551,6,defender,72250,24.0342,31.4836,3
19783001319551,6,defender,72251,23.8787,31.0757,3
19783001319551,6,defender,72252,24.0007,30.4636,3
19783001319551,6,defender,72253,24.0617,29.8758,3
19783001319551,6,defender,72254,23.9615,29.5197,3
19783001319551,6,defender,72255,24.2823,29.2299,3
19783001319551,6,defender,72256,23.911,28.6674,3
19783001319551,6,defender,72257,24.2638,28.6265,3
19783001319551,6,defender,72258,24.3488,28.4701,3
19783001319551,6,defender,72259,24.6324,28.2783,3
19783001319551,6,defender,72260,24.4901,28.2261,3
19783001319551,6,defender,72261,24.8968,27.8441,3
19783001319551,6,defender,72262,24.9327,28.0724,3
19783001319551,6,defender,72263,24.6424,28.083,3
19783001319551,6,defender,72264,24.7947,28.0365,3
19783001319551,6,defender,72265,24.5154,27.8255,3
19783001319551,6,defender,72266,24.7437,27.4633,3
19783001319551,6,defender,72267,24.2181,26.9647,3
19783001319551,6,defender,72268,24.0641,26.9104,3
19783001319551,6,defender,72269,23.9758,26.7061,3
19783001319551,6,defender,72270,23.6179,26.2238,3
19783001319551,6,defender,72271,23.5849,25.7137,3
19783001319551,6,defender,72272,23.6752,25.1191,3
19783001319551,6,defender,72273,23.5987,24.6648,3
19783001319551,6,defender,72274,23.816,24.5545,3
19783001319551,6,defender,72275,23.7697,24.1936,3
19783001319551,6,defender,72276,23.9687,24.089,3
19783001319551,6,defender,72277,24.105,23.9299,3
19783001319551,6,defender,72278,24.1473,23.8018,3
19783001319551,6,defender,72279,24.1122,23.8465,3
19783001319551,6,defender,72280,24.2116,23.7679,3
19783001319551,6,defender,72281,24.3685,24.0032,3
19783001319551,6,defender,72282,24.4489,24.1882,3
19783001319551,6,defender,72283,24.1888,24.1679,3
19783001319551,6,defender,72284,24.0301,24.0876,3
19783001319551,6,defender,72285,23.8512,24.1044,3
19783001319551,6,defender,72286,23.6536,24.1288,3
19783001319551,6,defender,72287,23.4298,24.1511,3
19783001319551,6,defender,72288,23.3888,24.2746,3
19783001319551,6,defender,72289,23.285,24.1237,3
19783001319551,6,defender,72290,23.2718,24.064,3
19783001319551,6,defender,72291,23.1054,24.055,3
19783001319551,6,defender,72292,22.9057,24.286,3
19783001319551,6,defender,72293,22.8814,23.9976,3
19783001319551,6,defender,72294,22.7681,24.0371,3
19783001319551,6,defender,72295,22.7423,24.3318,3
19783001319551,6,defender,72296,22.674,24.5845,3
19783001319551,6,defender,72297,22.732,24.4839,3
19783001319551,6,defender,72298,22.5127,24.8323,3
19783001319551,6,defender,72299,22.2633,25.1189,3
19783001319551,6,defender,72300,22.5617,24.9987,3
19783001319551,6,defender,72301,22.2205,25.5066,3
19783001319551,6,defender,72302,21.9253,25.4278,3
19783001319551,6,defender,72303,21.8192,25.7889,3
19783001319551,6,defender,72304,21.6643,26.0432,3
19783001319551,6,defender,72305,21.9632,26.0864,3
19783001319551,6,defender,72306,21.9484,26.3139,3
19783001319551,6,defender,72307,21.9156,26.1109,3
19783001319551,6,defender,72308,21.8816,26.497,3
19783001319551,6,defender,72309,21.8395,26.7255,3
19783001319551,6,defender,72310,21.9432,26.7059,3
19783001319551,6,defender,72311,21.9343,26.7924,3
19783001319551,6,defender,72312,21.7915,26.7613,3
19783001319551,6,defender,72313,22.0895,26.6352,3
19783001319551,6,defender,72314,21.9892,26.7481,3
19783001319551,6,defender,72315,22.0631,26.4466,3
19783001319551,6,defender,72316,22.3945,26.62,3
19783001319551,6,defender,72317,22.2596,27.1125,3
19783001319551,6,defender,72318,22.0852,27.0084,3
19783001319551,6,defender,72319,21.9902,26.7697,3
19783001319551,6,defender,72320,22.2048,27.0775,3
19783001319551,6,defender,72321,22.1039,27.1742,3
19783001319551,6,defender,72322,22.0601,27.0453,3
19783001319551,6,defender,72323,22.1922,27.1789,3
19783001319551,6,defender,72324,22.2307,27.2038,3
19783001319551,6,defender,72325,22.0229,27.6364,3
19783001319551,6,defender,72326,21.7801,27.4053,3
19783001319551,6,defender,72327,22.0418,27.4746,3
19783001319551,6,defender,72328,21.8499,27.8399,3
19783001319551,6,defender,72329,21.9146,27.8478,3
19783001319551,6,defender,72330,21.7606,27.8958,3
19783001319551,6,defender,72331,21.6449,27.697,3
19783001319551,6,defender,72332,21.2823,27.8568,3
19783001319551,6,defender,72333,21.032,27.8664,3
19783001319551,6,defender,72334,20.6649,27.5487,3
19783001319551,6,defender,72335,20.5568,27.8555,3
19783001319551,6,defender,72336,19.9088,27.7831,3
19783001319551,6,defender,72337,19.8472,27.6168,3
19783001319551,6,defender,72338,19.81,27.8619,3
19783001319551,6,defender,72339,19.5926,27.9661,3
19783001319551,6,defender,72340,19.4102,28.0214,3
19783001319551,6,defender,72341,19.3437,28.1383,3
19783001319551,6,defender,72342,19.3972,28.4567,3
19783001319551,6,defender,72343,19.5589,28.942,3
19783001319551,6,defender,72344,19.5939,28.7244,3
19783001319551,6,defender,72345,18.9214,29.006,3
19783001319551,6,defender,72346,19.2729,29.1831,3
19783001319551,6,defender,72347,18.693,29.461,3
19783001319551,6,defender,72348,18.2312,29.4979,3
19783001319551,6,defender,72349,17.7844,29.0044,3
19783001319551,6,defender,72350,17.6699,28.8806,3
19783001319551,6,defender,72351,17.4522,29.1026,3
19783001319551,6,defender,72352,17.2385,28.9945,3
19783001319551,6,defender,72353,16.8444,28.9315,3
19783001319551,6,defender,72354,16.6503,29.2398,3
19783001319551,6,defender,72355,15.9954,28.8731,3
19783001319551,6,defender,72356,15.8676,29.4349,3
19783001319551,6,defender,72357,15.386,29.1481,3
19783001319551,6,defender,72358,15.3159,29.3821,3
19783001319551,6,defender,72359,15.1281,29.4316,3
19783001319551,6,defender,72360,14.9837,29.4444,3
19783001319551,6,defender,72361,14.9411,29.8925,3
19783001319551,6,defender,72362,14.9054,30.0986,3
19783001319551,6,defender,72363,14.2529,30.4777,3
19783001319551,6,defender,72364,14.0366,30.2639,3
19783001319551,6,defender,72365,13.5179,30.0537,3
19783001319551,6,defender,72366,13.9078,30.2862,3
19783001319551,6,defender,72367,13.5983,30.3467,3
19783001319551,6,defender,72368,13.8346,30.4302,3
19783001319551,6,defender,72369,13.5843,30.2338,3
19783001319551,6,defender,72370,13.8204,30.3425,3
19783001319551,6,defender,72371,13.784,30.3557,3
19783001319551,6,defender,72372,13.8595,30.3517,3
19783001319551,6,defender,72373,13.623,30.5515,3
19783001319551,6,defender,72374,13.2549,30.4646,3
19783001319551,6,defender,72375,13.1552,30.7496,3
19783001319551,6,defender,72376,12.5613,30.4516,3
19783001319551,6,defender,72377,12.8581,30.6358,3
19783001319551,6,teammate,72200,26.9432,48.2463,4
19783001319551,6,teammate,72201,26.3728,48.179,4
19783001319551,6,teammate,72202,26.813,48.7108,4
19783001319551,6,teammate,72203,26.421,48.2502,4
19783001319551,6,teammate,72204,26.2115,48.4486,4
19783001319551,6,teammate,72205,25.1161,47.3496,4
19783001319551,6,teammate,72206,25.2925,48.1316,4
19783001319551,6,teammate,72207,25.0104,48.2564,4
19783001319551,6,teammate,72208,24.793,48.4678,4
19783001319551,6,teammate,72209,25.0638,48.8009,4
19783001319551,6,teammate,72210,23.9525,47.4707,4
19783001319551,6,teammate,72211,23.866,47.3082,4
19783001319551,6,teammate,72212,24.2002,48.4438,4
19783001319551,6,teammate,72213,23.9988,47.7351,4
19783001319551,6,teammate,72214,23.5627,49.2228,4
19783001319551,6,teammate,72215,24.2682,49.1403,4
19783001319551,6,teammate,72216,23.7791,47.0616,4
19783001319551,6,teammate,72217,24.0324,47.8833,4
19783001319551,6,teammate,72218,23.6485,48.0709,4
19783001319551,6,teammate,72219,23.3225,47.6742,4
19783001319551,6,teammate,72220,23.2181,47.2975,4
19783001319551,6,teammate,72221,22.7753,46.833,4
19783001319551,6,teammate,72222,23.0405,47.0177,4
19783001319551,6,teammate,72223,23.0945,46.9986,4
19783001319551,6,teammate,72224,23.3824,47.8517,4
19783001319551,6,teammate,72225,23.3169,47.6425,4
19783001319551,6,teammate,72226,23.616,47.9061,4
19783001319551,6,teammate,72227,23.3691,47.4509,4
19783001319551,6,teammate,72228,22.8628,46.4425,4
19783001319551,6,teammate,72229,22.9761,46.1631,4
19783001319551,6,teammate,72230,22.981,46.447,4
19783001319551,6,teammate,72231,22.9399,46.0379,4
19783001319551,6,teammate,72232,23.0735,45.6812,4
19783001319551,6,teammate,72233,23.2684,45.0916,4
19783001319551,6,teammate,72234,23.0572,45.1485,4
19783001319551,6,teammate,72235,22.4383,44.1608,4
19783001319551,6,teammate,72236,21.7474,43.7816,4
19783001319551,6,teammate,72237,21.5847,42.7089,4
19783001319551,6,teammate,72238,21.0654,42.9443,4
19783001319551,6,teammate,72239,21.3739,42.2606,4
19783001319551,6,teammate,72240,20.99,41.8601,4
19783001319551,6,teammate,72241,20.4795,41.1919,4
19783001319551,6,teammate,72242,19.9903,40.9075,4
19783001319551,6,teammate,72243,20.518,40.3305,4
19783001319551,6,teammate,72244,20.701,39.7374,4
19783001319551,6,teammate,72245,19.971,39.0526,4
19783001319551,6,teammate,72246,19.0784,38.2229,4
19783001319551,6,teammate,72247,19.41,38.1748,4
19783001319551,6,teammate,72248,19.1724,37.5695,4
19783001319551,6,teammate,72249,18.6702,36.7607,4
19783001319551,6,teammate,72250,19.1087,36.7763,4
19783001319551,6,teammate,72251,18.6771,36.3981,4
19783001319551,6,teammate,72252,18.4801,35.8603,4
19783001319551,6,teammate,72253,18.2393,35.3103,4
19783001319551,6,teammate,72254,17.7907,34.8744,4
19783001319551,6,teammate,72255,17.6912,34.5339,4
19783001319551,6,teammate,72256,17.0018,33.82,4
19783001319551,6,teammate,72257,16.9675,33.7034,4
19783001319551,6,teammate,72258,16.5055,33.3992,4
19783001319551,6,teammate,72259,16.3415,33.0894,4
19783001319551,6,teammate,72260,16.056,32.7942,4
19783001319551,6,teammate,72261,15.6608,32.3106,4
19783001319551,6,teammate,72262,15.721,32.2947,4
19783001319551,6,teammate,72263,15.406,32.1423,4
19783001319551,6,teammate,72264,15.6176,31.8235,4
19783001319551,6,teammate,72265,15.1629,31.6171,4
19783001319551,6,teammate,72266,14.8551,31.3421,4
19783001319551,6,teammate,72267,14.6714,30.8275,4
19783001319551,6,teammate,72268,14.5549,30.8565,4
19783001319551,6,teammate,72269,14.3466,30.7075,4
19783001319551,6,teammate,72270,14.2092,30.2349,4
19783001319551,6,teammate,72271,13.7989,29.7128,4
19783001319551,6,teammate,72272,13.6044,29.0489,4
19783001319551,6,teammate,72273,13.7655,28.5076,4
19783001319551,6,teammate,72274,13.9693,28.5344,4
19783001319551,6,teammate,72275,13.8474,27.9208,4
19783001319551,6,teammate,72276,13.8911,27.6405,4
19783001319551,6,teammate,72277,14.1245,27.2716,4
19783001319551,6,teammate,72278,14.1231,26.9385,4
19783001319551,6,teammate,72279,14.1932,26.6022,4
19783001319551,6,teammate,72280,14.414,26.2702,4
19783001319551,6,teammate,72281,14.7983,26.2476,4
19783001319551,6,teammate,72282,15.134,26.1418,4
19783001319551,6,teammate,72283,15.1196,25.8317,4
19783001319551,6,teammate,72284,15.2619,25.3572,4
19783001319551,6,teammate,72285,15.4616,25.0835,4
19783001319551,6,teammate,72286,15.5607,24.8556,4
19783001319551,6,teammate,72287,15.6358,24.4935,4
19783001319551,6,teammate,72288,15.8477,24.21,4
19783001319551,6,teammate,72289,15.9981,23.6318,4
19783001319551,6,teammate,72290,16.2271,23.049,4
19783001319551,6,teammate,72291,16.1787,22.5625,4
19783001319551,6,teammate,72292,16.366,22.6159,4
19783001319551,6,teammate,72293,16.598,21.8744,4
19783001319551,6,teammate,72294,16.6555,21.5299,4
19783001319551,6,teammate,72295,17.0856,21.4901,4
19783001319551,6,teammate,72296,17.3947,21.2872,4
19783001319551,6,teammate,72297,17.8236,20.8031,4
19783001319551,6,teammate,72298,18.0314,20.7224,4
19783001319551,6,teammate,72299,18.2515,20.599,4
19783001319551,6,teammate,72300,18.9243,20.0438,4
19783001319551,6,teammate,72301,19.0864,19.9843,4
19783001319551,6,teammate,72302,19.4689,19.3705,4
19783001319551,6,teammate,72303,19.6163,19.3883,4
19783001319551,6,teammate,72304,19.7622,18.5926,4
19783001319551,6,teammate,72305,20.442,18.4698,4
19783001319551,6,teammate,72306,20.797,18.1882,4
19783001319551,6,teammate,72307,21.2792,17.658,4
19783001319551,6,teammate,72308,21.4337,17.5495,4
19783001319551,6,teammate,72309,21.741,17.5263,4
19783001319551,6,teammate,72310,22.0867,17.0349,4
19783001319551,6,teammate,72311,22.4952,16.9273,4
19783001319551,6,teammate,72312,22.5674,16.7571,4
19783001319551,6,teammate,72313,23.3655,16.6317,4
19783001319551,6,teammate,72314,23.4986,16.6002,4
19783001319551,6,teammate,72315,23.9653,16.166,4
19783001319551,6,teammate,72316,24.4329,16.405,4
19783001319551,6,teammate,72317,24.4754,16.6254,4
19783001319551,6,teammate,72318,24.4942,16.2532,4
19783001319551,6,teammate,72319,25.0791,15.6668,4
19783001319551,6,teammate,72320,25.1456,15.7055,4
19783001319551,6,teammate,72321,25.4867,15.5257,4
19783001319551,6,teammate,72322,25.947,15.1439,4
19783001319551,6,teammate,72323,26.2235,14.9464,4
19783001319551,6,teammate,72324,26.6052,14.6191,4
19783001319551,6,teammate,72325,27.019,13.846,4
19783001319551,6,teammate,72326,26.9538,14.0151,4
19783001319551,6,teammate,72327,27.6383,14.1816,4
19783001319551,6,teammate,72328,27.9128,14.0274,4
19783001319551,6,teammate,72329,28.3237,14.1059,4
19783001319551,6,teammate,72330,28.6309,13.9858,4
19783001319551,6,teammate,72331,29.0465,13.9446,4
19783001319551,6,teammate,72332,29.3246,14.0799,4
19783001319551,6,teammate,72333,29.175,13.9536,4
19783001319551,6,teammate,72334,29.2294,13.8712,4
19783001319551,6,teammate,72335,29.5456,14.0628,4
19783001319551,6,teammate,72336,29.7289,13.6566,4
19783001319551,6,teammate,72337,30.1281,13.5008,4
19783001319551,6,teammate,72338,30.5412,13.4089,4
19783001319551,6,teammate,72339,30.9709,13.4167,4
19783001319551,6,teammate,72340,31.3514,13.4406,4
19783001319551,6,teammate,72341,31.673,13.6868,4
19783001319551,6,teammate,72342,32.0734,13.6098,4
19783001319551,6,teammate,72343,33.0569,13.2912,4
19783001319551,6,teammate,72344,34.1303,12.4937,4
19783001319551,6,teammate,72345,33.8191,12.8857,4
19783001319551,6,teammate,72346,35.44,12.1665,4
19783001319551,6,teammate,72347,34.983,13.0029,4
19783001319551,6,teammate,72348,34.5452,13.5037,4
19783001319551,6,teammate,72349,34.4717,13.2578,4
19783001319551,6,teammate,72350,34.558,12.9752,4
19783001319551,6,teammate,72351,34.7781,12.7357,4
19783001319551,6,teammate,72352,35.0216,12.6183,4
19783001319551,6,teammate,72353,34.7583,12.5334,4
19783001319551,6,teammate,72354,35.077,12.5839,4
19783001319551,6,teammate,72355,34.7205,12.5893,4
19783001319551,6,teammate,72356,35.886,12.5311,4
19783001319551,6,teammate,72357,35.8682,12.1833,4
19783001319551,6,teammate,72358,35.9061,12.7716,4
19783001319551,6,teammate,72359,37.1427,12.1424,4
19783001319551,6,teammate,72360,37.8174,12.1748,4
19783001319551,6,teammate,72361,38.1846,12.4223,4
19783001319551,6,teammate,72362,38.4547,12.7818,4
19783001319551,6,teammate,72363,38.6202,12.8768,4
19783001319551,6,teammate,72364,38.4622,12.7576,4
19783001319551,6,teammate,72365,38.971,12.6621,4
19783001319551,6,teammate,72366,39.1744,12.6653,4
19783001319551,6,teammate,72367,39.1658,12.891,4
19783001319551,6,teammate,72368,39.3038,12.8148,4
19783001319551,6,teammate,72369,39.5889,12.7116,4
19783001319551,6,teammate,72370,40.0388,12.7767,4
19783001319551,6,teammate,72371,40.3507,12.6627,4
19783001319551,6,teammate,72372,40.8707,12.8366,4
19783001319551,6,teammate,72373,41.3335,12.9149,4
19783001319551,6,teammate,72374,41.779,13.1477,4
19783001319551,6,teammate,72375,42.0139,13.1628,4
19783001319551,6,teammate,72376,41.9665,13.0151,4
19783001319551,6,teammate,72377,42.7888,12.8801,4
19783001319551,6,defender,72200,21.7827,15.3893,5
19783001319551,6,defender,72201,21.6591,14.8042,5
19783001319551,6,defender,72202,21.8605,15.0025,5
19783001319551,6,defender,72203,21.529,15.06,5
19783001319551,6,defender,72204,21.1627,14.7953,5
19783001319551,6,defender,72205,21.2819,15.1558,5
19783001319551,6,defender,72206,20.8263,14.9117,5
19783001319551,6,defender,72207,20.591,14.6394,5
19783001319551,6,defender,72208,20.4577,14.6503,5
19783001319551,6,defender,72209,20.269,14.3366,5
19783001319551,6,defender,72210,19.8732,14.7223,5
19783001319551,6,defender,72211,19.7506,14.4925,5
19783001319551,6,defender,72212,19.7433,14.0892,5
19783001319551,6,defender,72213,19.9575,14.4239,5
19783001319551,6,defender,72214,19.5597,14.5997,5
19783001319551,6,defender,72215,19.9985,14.3824,5
19783001319551,6,defender,72216,19.3369,14.7731,5
19783001319551,6,defender,72217,19.1514,14.6617,5
19783001319551,6,defender,72218,19.4715,14.8824,5
19783001319551,6,defender,72219,18.4741,14.7244,5
19783001319551,6,defender,72220,18.3299,15.2833,5
19783001319551,6,defender,72221,18.0307,15.0454,5
19783001319551,6,defender,72222,17.9223,15.0335,5
19783001319551,6,defender,72223,17.577,15.4833,5
19783001319551,6,defender,72224,17.7204,15.2046,5
19783001319551,6,defender,72225,17.6053,15.1641,5
19783001319551,6,defender,72226,17.7275,14.9228,5
19783001319551,6,defender,72227,17.62,15.2619,5
19783001319551,6,defender,72228,17.7543,15.5849,5
19783001319551,6,defender,72229,17.3824,16.0241,5
19783001319551,6,defender,72230,17.3403,15.6933,5
19783001319551,6,defender,72231,17.5937,15.9791,5
19783001319551,6,defender,72232,17.6979,16.1481,5
19783001319551,6,defender,72233,17.8894,16.2682,5
19783001319551,6,defender,72234,17.9761,16.4747,5
19783001319551,6,defender,72235,17.4327,15.9404,5
19783001319551,6,defender,72236,16.7278,15.8563,5
19783001319551,6,defender,72237,16.6535,16.0545,5
19783001319551,6,defender,72238,16.4116,15.7326,5
19783001319551,6,defender,72239,16.4144,15.8598,5
19783001319551,6,defender,72240,16.1034,15.3438,5
19783001319551,6,defender,72241,16.0005,15.9369,5
19783001319551,6,defender,72242,15.6839,15.5796,5
19783001319551,6,defender,72243,16.0731,15.6586,5
19783001319551,6,defender,72244,16.0942,15.3853,5
19783001319551,6,defender,72245,16.0596,15.0899,5
19783001319551,6,defender,72246,15.5647,14.9013,5
19783001319551,6,defender,72247,15.5812,14.8345,5
19783001319551,6,defender,72248,15.3609,14.9774,5
19783001319551,6,defender,72249,15.6874,14.8393,5
19783001319551,6,defender,72250,16.0016,14.9374,5
19783001319551,6,defender,72251,15.7154,14.8742,5
19783001319551,6,defender,72252,15.6541,14.7274,5
19783001319551,6,defender,72253,15.4916,14.8104,5
19783001319551,6,defender,72254,15.4841,14.7289,5
19783001319551,6,defender,72255,15.7913,15.1373,5
19783001319551,6,defender,72256,15.6447,15.0518,5
19783001319551,6,defender,72257,15.874,15.3729,5
19783001319551,6,defender,72258,15.9905,15.1687,5
19783001319551,6,defender,72259,16.206,15.4024,5
19783001319551,6,defender,72260,16.2149,15.2846,5
19783001319551,6,defender,72261,16.2139,14.8826,5
19783001319551,6,defender,72262,16.8763,14.7288,5
19783001319551,6,defender,72263,17.1742,14.85,5
19783001319551,6,defender,72264,17.8177,14.6817,5
19783001319551,6,defender,72265,18.0093,14.5042,5
19783001319551,6,defender,72266,18.5883,14.0977,5
19783001319551,6,defender,72267,18.5571,13.7894,5
19783001319551,6,defender,72268,18.9558,13.8087,5
19783001319551,6,defender,72269,19.6423,14.0849,5
19783001319551,6,defender,72270,19.7432,14.1201,5
19783001319551,6,defender,72271,20.1814,14.3632,5
19783001319551,6,defender,72272,20.7178,14.4696,5
19783001319551,6,defender,72273,20.7313,14.3657,5
19783001319551,6,defender,72274,21.1291,14.4883,5
19783001319551,6,defender,72275,21.1109,14.6948,5
19783001319551,6,defender,72276,21.3129,15.0319,5
19783001319551,6,defender,72277,21.3407,15.113,5
19783001319551,6,defender,72278,21.202,14.9663,5
19783001319551,6,defender,72279,20.932,14.959,5
19783001319551,6,defender,72280,20.7914,14.6987,5
19783001319551,6,defender,72281,20.7255,14.705,5
19783001319551,6,defender,72282,20.6606,14.455,5
19783001319551,6,defender,72283,20.324,13.8467,5
19783001319551,6,defender,72284,19.9648,13.5645,5
19783001319551,6,defender,72285,19.7729,13.1934,5
19783001319551,6,defender,72286,19.5728,12.8912,5
19783001319551,6,defender,72287,19.2194,12.571,5
19783001319551,6,defender,72288,19.1425,12.4336,5
19783001319551,6,defender,72289,18.931,12.2867,5
19783001319551,6,defender,72290,18.7455,12.2716,5
19783001319551,6,defender,72291,18.161,11.6538,5
19783001319551,6,defender,72292,18.0234,12.4666,5
19783001319551,6,defender,72293,17.6256,12.1929,5
19783001319551,6,defender,72294,17.0684,11.9847,5
19783001319551,6,defender,72295,16.7139,12.1828,5
19783001319551,6,defender,72296,16.1721,12.0021,5
19783001319551,6,defender,72297,15.9157,11.7186,5
19783001319551,6,defender,72298,15.1077,11.6168,5
19783001319551,6,defender,72299,14.3196,11.3827,5
19783001319551,6,defender,72300,14.1281,10.9969,5
19783001319551,6,defender,72301,13.3827,10.5738,5
19783001319551,6,defender,72302,13.5163,10.228,5
19783001319551,6,defender,72303,12.574,10.3309,5
19783001319551,6,defender,72304,11.7185,9.02529,5
19783001319551,6,defender,72305,11.8763,9.41671,5
19783001319551,6,defender,72306,11.7263,9.38875,5
19783001319551,6,defender,72307,11.825,9.30944,5
19783001319551,6,defender,72308,11.4173,9.21489,5
19783001319551,6,defender,72309,11.261,9.65644,5
19783001319551,6,defender,72310,11.2179,8.99369,5
19783001319551,6,defender,72311,11.0068,8.97096,5
19783001319551,6,defender,72312,10.6937,9.00712,5
19783001319551,6,defender,72313,10.9877,8.7154,5
19783001319551,6,defender,72314,10.8225,9.36771,5
19783001319551,6,defender,72315,10.8536,8.76528,5
19783001319551,6,defender,72316,10.8809,8.76204,5
19783001319551,6,defender,72317,10.5464,9.27579,5
19783001319551,6,defender,72318,10.2329,8.83101,5
19783001319551,6,defender,72319,10.5379,8.38515,5
19783001319551,6,defender,72320,10.247,8.51247,5
19783001319551,6,defender,72321,10.2478,8.62059,5
19783001319551,6,defender,72322,10.3812,8.5584,5
19783001319551,6,defender,72323,10.5278,8.6034,5
19783001319551,6,defender,72324,10.6581,8.47086,5
19783001319551,6,defender,72325,9.99413,7.78226,5
19783001319551,6,defender,72326,10.6007,8.38747,5
19783001319551,6,defender,72327,11.1007,8.21271,5
19783001319551,6,defender,72328,10.5371,8.16024,5
19783001319551,6,defender,72329,10.7873,8.60897,5
19783001319551,6,defender,72330,10.6313,8.38994,5
19783001319551,6,defender,72331,10.3672,8.6303,5
19783001319551,6,defender,72332,10.9962,8.13417,5
19783001319551,6,defender,72333,10.6157,8.16955,5
19783001319551,6,defender,72334,10.9354,7.95475,5
19783001319551,6,defender,72335,10.3118,8.00163,5
19783001319551,6,defender,72336,10.6889,8.61656,5
19783001319551,6,defender,72337,10.3573,8.41726,5
19783001319551,6,defender,72338,10.3279,8.84163,5
19783001319551,6,defender,72339,10.003,8.38266,5
19783001319551,6,defender,72340,9.60299,7.69306,5
19783001319551,6,defender,72341,10.2999,9.06192,5
19783001319551,6,defender,72342,9.96798,8.17044,5
19783001319551,6,defender,72343,9.8494,8.21518,5
19783001319551,6,defender,72344,9.46983,10.0271,5
19783001319551,6,defender,72345,9.3343,9.96248,5
19783001319551,6,defender,72346,9.53548,9.82153,5
19783001319551,6,defender,72347,9.81343,9.04346,5
19783001319551,6,defender,72348,9.18122,9.8256,5
19783001319551,6,defender,72349,8.90777,9.30637,5
19783001319551,6,defender,72350,8.87831,9.09202,5
19783001319551,6,defender,72351,8.92094,9.83841,5
19783001319551,6,defender,72352,8.87384,9.97232,5
19783001319551,6,defender,72353,8.64281,10.1531,5
19783001319551,6,defender,72354,8.47171,10.8461,5
19783001319551,6,defender,72355,8.39936,10.7401,5
19783001319551,6,defender,72356,8.26276,11.9807,5
19783001319551,6,defender,72357,7.88785,11.4021,5
19783001319551,6,defender,72358,7.97409,11.3184,5
19783001319551,6,defender,72359,7.05644,10.5541,5
19783001319551,6,defender,72360,8.08579,10.6459,5
19783001319551,6,defender,72361,7.83218,10.6865,5
19783001319551,6,defender,72362,7.48524,10.9027,5
19783001319551,6,defender,72363,6.84425,12.0455,5
19783001319551,6,defender,72364,6.7361,11.5954,5
19783001319551,6,defender,72365,6.57945,11.0137,5
19783001319551,6,defender,72366,6.71876,12.1708,5
19783001319551,6,defender,72367,6.51968,12.2959,5
19783001319551,6,defender,72368,6.71683,12.6577,5
19783001319551,6,defender,72369,6.52534,12.6436,5
19783001319551,6,defender,72370,6.92175,13.1475,5
19783001319551,6,defender,72371,6.94215,13.6541,5
19783001319551,6,defender,72372,7.08728,13.7231,5
19783001319551,6,defender,72373,6.6004,13.9386,5
19783001319551,6,defender,72374,6.55827,14.0051,5
19783001319551,6,defender,72375,6.08016,14.7511,5
19783001319551,6,defender,72376,6.26839,15.17,5
19783001319551,6,defender,72377,6.19907,14.8397,5
19783001319551,6,teammate,72200,11.74,47.329,6
19783001319551,6,teammate,72201,11.059,47.3979,6
19783001319551,6,teammate,72202,11.2295,47.7012,6
19783001319551,6,teammate,72203,11.2985,47.0559,6
19783001319551,6,teammate,72204,10.4857,46.8614,6
19783001319551,6,teammate,72205,10.1993,46.9082,6
19783001319551,6,teammate,72206,9.51094,46.6631,6
19783001319551,6,teammate,72207,9.06184,46.7467,6
19783001319551,6,teammate,72208,8.36852,47.3123,6
19783001319551,6,teammate,72209,8.41936,47.7224,6
19783001319551,6,teammate,72210,8.00295,46.8693,6
19783001319551,6,teammate,72211,7.14489,47.0274,6
19783001319551,6,teammate,72212,6.88427,47.2144,6
19783001319551,6,teammate,72213,6.95511,47.4229,6
19783001319551,6,teammate,72214,4.54859,48.314,6
19783001319551,6,teammate,72215,5.51952,49.0219,6
19783001319551,6,teammate,72216,6.43563,46.8851,6
19783001319551,6,teammate,72217,6.40273,47.8088,6
19783001319551,6,teammate,72218,5.01442,48.4474,6
19783001319551,6,teammate,72219,4.2116,48.1689,6
19783001319551,6,teammate,72220,5.43905,47.0854,6
19783001319551,6,teammate,72221,5.01692,46.7282,6
19783001319551,6,teammate,72222,5.20504,46.9458,6
19783001319551,6,teammate,72223,5.59524,46.9027,6
19783001319551,6,teammate,72224,5.21712,46.9431,6
19783001319551,6,teammate,72225,4.58298,47.5698,6
19783001319551,6,teammate,72226,4.49832,47.3579,6
19783001319551,6,teammate,72227,4.47228,47.1228,6
19783001319551,6,teammate,72228,4.61006,46.8008,6
19783001319551,6,teammate,72229,4.64241,46.6922,6
19783001319551,6,teammate,72230,3.49184,47.195,6
19783001319551,6,teammate,72231,4.42088,46.7732,6
19783001319551,6,teammate,72232,4.44824,46.825,6
19783001319551,6,teammate,72233,4.25479,46.8115,6
19783001319551,6,teammate,72234,4.24243,47.1382,6
19783001319551,6,teammate,72235,4.85812,46.7767,6
19783001319551,6,teammate,72236,2.65568,47.0247,6
19783001319551,6,teammate,72237,3.34287,46.4488,6
19783001319551,6,teammate,72238,2.47322,47.1117,6
19783001319551,6,teammate,72239,3.90515,46.9988,6
19783001319551,6,teammate,72240,2.12443,47.8498,6
19783001319551,6,teammate,72241,3.01834,46.9052,6
19783001319551,6,teammate,72242,1.97795,47.635,6
19783001319551,6,teammate,72243,4.24287,46.9375,6
19783001319551,6,teammate,72244,3.72623,47.5842,6
19783001319551,6,teammate,72245,2.6844,47.846,6
19783001319551,6,teammate,72246,3.47265,45.9774,6
19783001319551,6,teammate,72247,4.79248,46.6424,6
19783001319551,6,teammate,72248,4.59047,46.6047,6
19783001319551,6,teammate,72249,3.89483,46.6158,6
19783001319551,6,teammate,72250,5.20077,47.012,6
19783001319551,6,teammate,72251,5.07706,47.155,6
19783001319551,6,teammate,72252,5.22121,47.2357,6
19783001319551,6,teammate,72253,5.23878,47.3672,6
19783001319551,6,teammate,72254,5.41066,46.9936,6
19783001319551,6,teammate,72255,5.30328,47.3877,6
19783001319551,6,teammate,72256,5.29896,46.6916,6
19783001319551,6,teammate,72257,5.653,47.1002,6
19783001319551,6,teammate,72258,5.13986,47.3783,6
19783001319551,6,teammate,72259,5.17812,47.583,6
19783001319551,6,teammate,72260,5.80811,47.1878,6
19783001319551,6,teammate,72261,4.90261,47.9771,6
19783001319551,6,teammate,72262,5.19628,48.3971,6
19783001319551,6,teammate,72263,5.79409,47.2444,6
19783001319551,6,teammate,72264,6.35087,47.0742,6
19783001319551,6,teammate,72265,6.19133,46.609,6
19783001319551,6,teammate,72266,4.39909,48.6684,6
19783001319551,6,teammate,72267,5.89006,46.7514,6
19783001319551,6,teammate,72268,6.15282,47.0434,6
19783001319551,6,teammate,72269,5.78954,47.1933,6
19783001319551,6,teammate,72270,6.4363,46.6132,6
19783001319551,6,teammate,72271,5.17113,47.6941,6
19783001319551,6,teammate,72272,4.77012,47.4355,6
19783001319551,6,teammate,72273,6.18762,46.7278,6
19783001319551,6,teammate,72274,7.14356,46.778,6
19783001319551,6,teammate,72275,7.11635,46.6569,6
19783001319551,6,teammate,72276,6.90004,47.1715,6
19783001319551,6,teammate,72277,7.32028,47.0703,6
19783001319551,6,teammate,72278,7.32351,47.0227,6
19783001319551,6,teammate,72279,7.30759,47.0307,6
19783001319551,6,teammate,72280,7.40951,46.9833,6
19783001319551,6,teammate,72281,7.7228,47.0823,6
19783001319551,6,teammate,72282,7.85825,47.2978,6
19783001319551,6,teammate,72283,7.86061,46.5947,6
19783001319551,6,teammate,72284,7.63403,46.9557,6
19783001319551,6,teammate,72285,7.77801,46.9382,6
19783001319551,6,teammate,72286,8.03275,46.2815,6
19783001319551,6,teammate,72287,8.2176,46.4881,6
19783001319551,6,teammate,72288,8.34915,46.7181,6
19783001319551,6,teammate,72289,8.54041,46.3471,6
19783001319551,6,teammate,72290,8.50361,46.9244,6
19783001319551,6,teammate,72291,9.01218,46.8797,6
19783001319551,6,teammate,72292,8.89034,46.3369,6
19783001319551,6,teammate,72293,8.89725,46.673,6
19783001319551,6,teammate,72294,8.67317,46.5439,6
19783001319551,6,teammate,72295,9.34901,46.1749,6
19783001319551,6,teammate,72296,9.6332,46.1686,6
19783001319551,6,teammate,72297,8.60858,47.0101,6
19783001319551,6,teammate,72298,9.1629,46.9303,6
19783001319551,6,teammate,72299,9.89977,46.0349,6
19783001319551,6,teammate,72300,9.21252,47.1102,6
19783001319551,6,teammate,72301,9.9383,46.2944,6
19783001319551,6,teammate,72302,8.46524,47.0298,6
19783001319551,6,teammate,72303,10.2125,45.5188,6
19783001319551,6,teammate,72304,10.5655,45.8286,6
19783001319551,6,teammate,72305,10.3735,46.4212,6
19783001319551,6,teammate,72306,10.8718,46.0247,6
19783001319551,6,teammate,72307,10.0025,46.685,6
19783001319551,6,teammate,72308,11.107,46.0359,6
19783001319551,6,teammate,72309,11.1879,46.0519,6
19783001319551,6,teammate,72310,11.4325,46.4358,6
19783001319551,6,teammate,72311,11.4662,46.0957,6
19783001319551,6,teammate,72312,11.1915,46.6226,6
19783001319551,6,teammate,72313,10.4134,47.5751,6
19783001319551,6,teammate,72314,10.9207,47.0052,6
19783001319551,6,teammate,72315,10.5155,47.1796,6
19783001319551,6,teammate,72316,11.3914,46.823,6
19783001319551,6,teammate,72317,12.4349,45.6948,6
19783001319551,6,teammate,72318,12.2538,45.8853,6
19783001319551,6,teammate,72319,10.8048,47.2263,6
19783001319551,6,teammate,72320,12.8014,45.9058,6
19783001319551,6,teammate,72321,12.6419,45.9347,6
19783001319551,6,teammate,72322,12.2081,46.1607,6
19783001319551,6,teammate,72323,13.1073,45.9313,6
19783001319551,6,teammate,72324,13.4603,45.9162,6
19783001319551,6,teammate,72325,13.8638,45.9215,6
19783001319551,6,teammate,72326,13.52,46.4034,6
19783001319551,6,teammate,72327,13.263,47.8021,6
19783001319551,6,teammate,72328,14.0984,46.6837,6
19783001319551,6,teammate,72329,14.2424,47.0368,6
19783001319551,6,teammate,72330,14.4309,46.7747,6
19783001319551,6,teammate,72331,14.4074,46.4741,6
19783001319551,6,teammate,72332,13.8595,46.2432,6
19783001319551,6,teammate,72333,14.3281,45.9997,6
19783001319551,6,teammate,72334,13.2823,46.8795,6
19783001319551,6,teammate,72335,13.9873,45.6102,6
19783001319551,6,teammate,72336,12.8441,45.8493,6
19783001319551,6,teammate,72337,13.2807,44.5919,6
19783001319551,6,teammate,72338,13.5416,44.4777,6
19783001319551,6,teammate,72339,13.2508,44.0021,6
19783001319551,6,teammate,72340,12.9757,43.787,6
19783001319551,6,teammate,72341,12.5901,43.6846,6
19783001319551,6,teammate,72342,12.9723,43.5046,6
19783001319551,6,teammate,72343,13.3672,43.1571,6
19783001319551,6,teammate,72344,13.3397,42.9814,6
19783001319551,6,teammate,72345,12.939,41.7839,6
19783001319551,6,teammate,72346,12.2652,43.6816,6
19783001319551,6,teammate,72347,11.6583,42.4806,6
19783001319551,6,teammate,72348,12.1362,40.7413,6
19783001319551,6,teammate,72349,11.6105,40.1399,6
19783001319551,6,teammate,72350,11.5271,40.323,6
19783001319551,6,teammate,72351,11.9545,39.9457,6
19783001319551,6,teammate,72352,12.1588,39.3471,6
19783001319551,6,teammate,72353,12.136,39.1111,6
19783001319551,6,teammate,72354,12.1832,39.3181,6
19783001319551,6,teammate,72355,11.1712,39.45,6
19783001319551,6,teammate,72356,11.5577,38.7566,6
19783001319551,6,teammate,72357,11.3629,37.9509,6
19783001319551,6,teammate,72358,10.8788,38.1696,6
19783001319551,6,teammate,72359,11.1527,36.9663,6
19783001319551,6,teammate,72360,10.5208,36.7328,6
19783001319551,6,teammate,72361,10.6443,36.3938,6
19783001319551,6,teammate,72362,10.6806,35.932,6
19783001319551,6,teammate,72363,10.6724,35.1119,6
19783001319551,6,teammate,72364,10.6569,34.4739,6
19783001319551,6,teammate,72365,10.024,34.1835,6
19783001319551,6,teammate,72366,10.9448,34.0364,6
19783001319551,6,teammate,72367,10.8606,33.9393,6
19783001319551,6,teammate,72368,11.3135,33.9604,6
19783001319551,6,teammate,72369,11.1713,33.6135,6
19783001319551,6,teammate,72370,11.4749,33.5177,6
19783001319551,6,teammate,72371,11.4376,33.2524,6
19783001319551,6,teammate,72372,11.4791,32.8897,6
19783001319551,6,teammate,72373,11.2003,32.7503,6
19783001319551,6,teammate,72374,10.6568,32.4238,6
19783001319551,6,teammate,72375,10.6857,32.4539,6
19783001319551,6,teammate,72376,10.0929,31.924,6
19783001319551,6,teammate,72377,10.2584,31.6328,6
19783001319551,6,teammate,72200,47.9339,38.4084,7
19783001319551,6,teammate,72201,47.5692,37.666,7
19783001319551,6,teammate,72202,48.317,37.4967,7
19783001319551,6,teammate,72203,47.6998,37.2991,7
19783001319551,6,teammate,72204,48.3231,37.2559,7
19783001319551,6,teammate,72205,45.1315,35.6305,7
19783001319551,6,teammate,72206,47.2052,36.4271,7
19783001319551,6,teammate,72207,47.2033,36.2009,7
19783001319551,6,teammate,72208,46.3981,35.8611,7
19783001319551,6,teammate,72209,46.6115,35.982,7
19783001319551,6,teammate,72210,43.8557,35.4555,7
19783001319551,6,teammate,72211,43.9532,35.2754,7
19783001319551,6,teammate,72212,45.8797,36.3657,7
19783001319551,6,teammate,72213,43.5162,36.073,7
19783001319551,6,teammate,72214,45.6348,36.5274,7
19783001319551,6,teammate,72215,44.5416,36.3322,7
19783001319551,6,teammate,72216,43.2341,35.7189,7
19783001319551,6,teammate,72217,43.4102,35.8665,7
19783001319551,6,teammate,72218,43.0226,35.5344,7
19783001319551,6,teammate,72219,42.2975,35.3537,7
19783001319551,6,teammate,72220,41.8349,35.6125,7
19783001319551,6,teammate,72221,41.2158,34.8064,7
19783001319551,6,teammate,72222,41.3585,34.3472,7
19783001319551,6,teammate,72223,41.2829,33.8016,7
19783001319551,6,teammate,72224,42.1618,34.2772,7
19783001319551,6,teammate,72225,41.7062,33.8569,7
19783001319551,6,teammate,72226,42.1312,33.9566,7
19783001319551,6,teammate,72227,41.9917,33.4692,7
19783001319551,6,teammate,72228,40.7823,33.1543,7
19783001319551,6,teammate,72229,40.6517,33.3602,7
19783001319551,6,teammate,72230,41.2395,33.4016,7
19783001319551,6,teammate,72231,41.0337,33.8619,7
19783001319551,6,teammate,72232,41.3248,33.8974,7
19783001319551,6,teammate,72233,41.7444,33.7202,7
19783001319551,6,teammate,72234,41.5562,34.1384,7
19783001319551,6,teammate,72235,40.8561,33.3951,7
19783001319551,6,teammate,72236,40.0463,33.1574,7
19783001319551,6,teammate,72237,39.803,32.4363,7
19783001319551,6,teammate,72238,39.8784,32.4723,7
19783001319551,6,teammate,72239,39.4283,32.1144,7
19783001319551,6,teammate,72240,39.6081,31.438,7
19783001319551,6,teammate,72241,39.2971,31.4413,7
19783001319551,6,teammate,72242,39.0565,31.1692,7
19783001319551,6,teammate,72243,38.9629,31.3491,7
19783001319551,6,teammate,72244,39.4238,30.775,7
19783001319551,6,teammate,72245,38.1674,30.7387,7
19783001319551,6,teammate,72246,38.5312,30.8704,7
19783001319551,6,teammate,72247,38.4127,30.9094,7
19783001319551,6,teammate,72248,38.8738,30.7312,7
19783001319551,6,teammate,72249,38.2491,30.0465,7
19783001319551,6,teammate,72250,38.3363,30.3961,7
19783001319551,6,teammate,72251,38.1234,30.3624,7
19783001319551,6,teammate,72252,38.1068,29.7107,7
19783001319551,6,teammate,72253,38.0834,29.1829,7
19783001319551,6,teammate,72254,37.6051,28.7954,7
19783001319551,6,teammate,72255,37.829,28.573,7
19783001319551,6,teammate,72256,37.1204,27.9267,7
19783001319551,6,teammate,72257,37.3547,27.792,7
19783001319551,6,teammate,72258,37.2177,27.6949,7
19783001319551,6,teammate,72259,37.4722,27.3573,7
19783001319551,6,teammate,72260,37.0577,27.3583,7
19783001319551,6,teammate,72261,38.3937,27.1128,7
19783001319551,6,teammate,72262,37.2228,27.5746,7
19783001319551,6,teammate,72263,36.925,27.5344,7
19783001319551,6,teammate,72264,36.8183,27.8888,7
19783001319551,6,teammate,72265,36.8415,27.7331,7
19783001319551,6,teammate,72266,36.9136,27.7402,7
19783001319551,6,teammate,72267,36.9389,27.3855,7
19783001319551,6,teammate,72268,36.8981,27.6231,7
19783001319551,6,teammate,72269,36.8267,27.6846,7
19783001319551,6,teammate,72270,36.597,27.5141,7
19783001319551,6,teammate,72271,36.6399,27.4456,7
19783001319551,6,teammate,72272,36.6913,27.1214,7
19783001319551,6,teammate,72273,36.7604,27.0368,7
19783001319551,6,teammate,72274,36.8869,26.924,7
19783001319551,6,teammate,72275,36.6886,26.8128,7
19783001319551,6,teammate,72276,36.6625,26.7597,7
19783001319551,6,teammate,72277,36.6761,26.6084,7
19783001319551,6,teammate,72278,36.8255,26.4566,7
19783001319551,6,teammate,72279,36.7164,26.5466,7
19783001319551,6,teammate,72280,36.901,26.321,7
19783001319551,6,teammate,72281,37.1203,26.3456,7
19783001319551,6,teammate,72282,37.303,26.4064,7
19783001319551,6,teammate,72283,37.471,26.2647,7
19783001319551,6,teammate,72284,37.323,26.112,7
19783001319551,6,teammate,72285,37.3461,25.9826,7
19783001319551,6,teammate,72286,37.5762,25.7717,7
19783001319551,6,teammate,72287,37.537,25.8021,7
19783001319551,6,teammate,72288,37.6649,25.9625,7
19783001319551,6,teammate,72289,37.8135,25.8841,7
19783001319551,6,teammate,72290,37.7039,26.0697,7
19783001319551,6,teammate,72291,38.2464,26.2692,7
19783001319551,6,teammate,72292,37.8162,26.0666,7
19783001319551,6,teammate,72293,37.7565,25.8863,7
19783001319551,6,teammate,72294,37.9851,25.8376,7
19783001319551,6,teammate,72295,37.9311,25.9963,7
19783001319551,6,teammate,72296,37.9582,26.2816,7
19783001319551,6,teammate,72297,38.1326,25.9723,7
19783001319551,6,teammate,72298,38.1697,26.2089,7
19783001319551,6,teammate,72299,37.9175,26.3301,7
19783001319551,6,teammate,72300,38.6432,25.8856,7
19783001319551,6,teammate,72301,38.1533,26.4252,7
19783001319551,6,teammate,72302,38.2824,26.2135,7
19783001319551,6,teammate,72303,37.948,26.2231,7
19783001319551,6,teammate,72304,39.0595,26.2546,7
19783001319551,6,teammate,72305,38.3596,26.3034,7
19783001319551,6,teammate,72306,38.5106,26.3882,7
19783001319551,6,teammate,72307,38.2125,25.8384,7
19783001319551,6,teammate,72308,38.1582,26.4086,7
19783001319551,6,teammate,72309,38.1139,26.3418,7
19783001319551,6,teammate,72310,38.1635,26.7328,7
19783001319551,6,teammate,72311,37.957,26.5494,7
19783001319551,6,teammate,72312,37.9539,26.6115,7
19783001319551,6,teammate,72313,37.8054,26.3752,7
19783001319551,6,teammate,72314,38.1894,26.0856,7
19783001319551,6,teammate,72315,38.2033,25.7998,7
19783001319551,6,teammate,72316,37.7868,25.9127,7
19783001319551,6,teammate,72317,37.8444,26.1989,7
19783001319551,6,teammate,72318,38.006,26.3486,7
19783001319551,6,teammate,72319,37.9557,25.7443,7
19783001319551,6,teammate,72320,37.7756,26.0688,7
19783001319551,6,teammate,72321,37.5747,25.923,7
19783001319551,6,teammate,72322,37.8269,25.7778,7
19783001319551,6,teammate,72323,37.6525,25.8754,7
19783001319551,6,teammate,72324,37.6552,25.8986,7
19783001319551,6,teammate,72325,38.0112,26.0841,7
19783001319551,6,teammate,72326,37.6197,26.1669,7
19783001319551,6,teammate,72327,37.5808,26.3066,7
19783001319551,6,teammate,72328,37.8246,26.6989,7
19783001319551,6,teammate,72329,38.1746,26.6195,7
19783001319551,6,teammate,72330,38.3494,26.7986,7
19783001319551,6,teammate,72331,39.6642,27.0196,7
19783001319551,6,teammate,72332,37.8722,26.8844,7
19783001319551,6,teammate,72333,38.1728,27.174,7
19783001319551,6,teammate,72334,37.6469,26.7796,7
19783001319551,6,teammate,72335,37.8181,27.2177,7
19783001319551,6,teammate,72336,37.9915,26.9331,7
19783001319551,6,teammate,72337,38.3369,27.0585,7
19783001319551,6,teammate,72338,38.9415,27.3146,7
19783001319551,6,teammate,72339,38.3115,27.2685,7
19783001319551,6,teammate,72340,38.0596,27.4724,7
19783001319551,6,teammate,72341,38.1491,27.1103,7
19783001319551,6,teammate,72342,38.0149,27.6323,7
19783001319551,6,teammate,72343,38.5569,27.7188,7
19783001319551,6,teammate,72344,42.185,27.053,7
19783001319551,6,teammate,72345,40.1473,27.4398,7
19783001319551,6,teammate,72346,43.6037,27.4113,7
19783001319551,6,teammate,72347,39.3628,27.3263,7
19783001319551,6,teammate,72348,38.186,27.5487,7
19783001319551,6,teammate,72349,37.6924,27.1714,7
19783001319551,6,teammate,72350,37.6997,27.0363,7
19783001319551,6,teammate,72351,37.5873,27.3644,7
19783001319551,6,teammate,72352,37.224,27.5487,7
19783001319551,6,teammate,72353,36.644,27.6976,7
19783001319551,6,teammate,72354,36.7955,27.9583,7
19783001319551,6,teammate,72355,36.5449,27.6357,7
19783001319551,6,teammate,72356,36.6704,27.9029,7
19783001319551,6,teammate,72357,36.418,28.0921,7
19783001319551,6,teammate,72358,36.2138,27.7089,7
19783001319551,6,teammate,72359,36.2744,27.779,7
19783001319551,6,teammate,72360,37.0194,27.5497,7
19783001319551,6,teammate,72361,37.0782,27.7327,7
19783001319551,6,teammate,72362,37.5041,27.6901,7
19783001319551,6,teammate,72363,36.5551,28.2063,7
19783001319551,6,teammate,72364,36.1537,28.1754,7
19783001319551,6,teammate,72365,36.7257,28.2699,7
19783001319551,6,teammate,72366,36.7861,28.6092,7
19783001319551,6,teammate,72367,36.2264,29.1106,7
19783001319551,6,teammate,72368,36.2221,29.2965,7
19783001319551,6,teammate,72369,35.9699,29.4604,7
19783001319551,6,teammate,72370,36.0229,29.6407,7
19783001319551,6,teammate,72371,35.9821,29.4731,7
19783001319551,6,teammate,72372,35.9752,29.6287,7
19783001319551,6,teammate,72373,36.0185,29.7742,7
19783001319551,6,teammate,72374,36.2378,29.5303,7
19783001319551,6,teammate,72375,36.2155,29.6693,7
19783001319551,6,teammate,72376,35.8453,29.2379,7
19783001319551,6,teammate,72377,36.3224,29.0915,7
19783001319551,6,defender,72200,33.517,23.3352,9
19783001319551,6,defender,72201,32.8841,23.2984,9
19783001319551,6,defender,72202,32.8874,23.5542,9
19783001319551,6,defender,72203,32.4944,23.6475,9
19783001319551,6,defender,72204,32.3333,23.1017,9
19783001319551,6,defender,72205,31.4446,22.6604,9
19783001319551,6,defender,72206,31.3263,22.0465,9
19783001319551,6,defender,72207,30.7929,21.4315,9
19783001319551,6,defender,72208,30.101,21.268,9
19783001319551,6,defender,72209,29.6996,21.1548,9
19783001319551,6,defender,72210,28.391,21.6283,9
19783001319551,6,defender,72211,28.1223,21.6955,9
19783001319551,6,defender,72212,28.035,21.6005,9
19783001319551,6,defender,72213,27.61,22.2111,9
19783001319551,6,defender,72214,27.1851,21.925,9
19783001319551,6,defender,72215,27.3247,21.9095,9
19783001319551,6,defender,72216,26.5217,21.986,9
19783001319551,6,defender,72217,26.2755,21.7302,9
19783001319551,6,defender,72218,26.3162,21.6513,9
19783001319551,6,defender,72219,25.4788,21.5423,9
19783001319551,6,defender,72220,25.0099,21.8859,9
19783001319551,6,defender,72221,24.4325,21.5,9
19783001319551,6,defender,72222,24.0955,21.3639,9
19783001319551,6,defender,72223,23.4098,21.4977,9
19783001319551,6,defender,72224,23.235,21.3344,9
19783001319551,6,defender,72225,22.9325,21.4763,9
19783001319551,6,defender,72226,22.6352,21.1621,9
19783001319551,6,defender,72227,22.0702,21.1548,9
19783001319551,6,defender,72228,21.7149,21.3378,9
19783001319551,6,defender,72229,21.0833,21.5129,9
19783001319551,6,defender,72230,20.734,20.9802,9
19783001319551,6,defender,72231,20.6158,21.1419,9
19783001319551,6,defender,72232,20.4654,21.1451,9
19783001319551,6,defender,72233,20.4333,21.1503,9
19783001319551,6,defender,72234,20.195,21.3784,9
19783001319551,6,defender,72235,19.4489,21.1647,9
19783001319551,6,defender,72236,18.4087,20.9098,9
19783001319551,6,defender,72237,18.0542,21.2021,9
19783001319551,6,defender,72238,17.4236,21.06,9
19783001319551,6,defender,72239,17.2087,21.4704,9
19783001319551,6,defender,72240,16.5065,21.0889,9
19783001319551,6,defender,72241,16.0066,21.6365,9
19783001319551,6,defender,72242,15.2803,21.4408,9
19783001319551,6,defender,72243,15.4654,21.6799,9
19783001319551,6,defender,72244,15.1762,21.2834,9
19783001319551,6,defender,72245,14.6687,21.1223,9
19783001319551,6,defender,72246,13.9042,21.0756,9
19783001319551,6,defender,72247,13.8477,21.3804,9
19783001319551,6,defender,72248,13.4567,21.3674,9
19783001319551,6,defender,72249,13.3362,21.4237,9
19783001319551,6,defender,72250,13.5972,21.8346,9
19783001319551,6,defender,72251,13.164,21.8366,9
19783001319551,6,defender,72252,12.9031,21.8826,9
19783001319551,6,defender,72253,12.5915,21.865,9
19783001319551,6,defender,72254,12.2852,21.9304,9
19783001319551,6,defender,72255,12.3275,21.9533,9
19783001319551,6,defender,72256,11.9268,21.6818,9
19783001319551,6,defender,72257,11.9336,21.7446,9
19783001319551,6,defender,72258,11.6143,21.337,9
19783001319551,6,defender,72259,11.5627,21.2821,9
19783001319551,6,defender,72260,11.4658,21.085,9
19783001319551,6,defender,72261,11.1366,20.4993,9
19783001319551,6,defender,72262,11.4911,20.4377,9
19783001319551,6,defender,72263,11.6034,20.9523,9
19783001319551,6,defender,72264,12.1456,20.9608,9
19783001319551,6,defender,72265,11.9903,21.3575,9
19783001319551,6,defender,72266,11.8796,21.1341,9
19783001319551,6,defender,72267,11.9396,21.5512,9
19783001319551,6,defender,72268,12.035,22.0889,9
19783001319551,6,defender,72269,12.1487,22.5594,9
19783001319551,6,defender,72270,12.142,22.7029,9
19783001319551,6,defender,72271,11.9027,22.4929,9
19783001319551,6,defender,72272,11.7478,22.2065,9
19783001319551,6,defender,72273,11.7669,21.8919,9
19783001319551,6,defender,72274,11.8009,22.0084,9
19783001319551,6,defender,72275,11.5116,21.4784,9
19783001319551,6,defender,72276,11.3708,21.2123,9
19783001319551,6,defender,72277,11.4039,20.8982,9
19783001319551,6,defender,72278,11.1523,20.5777,9
19783001319551,6,defender,72279,10.9707,20.3139,9
19783001319551,6,defender,72280,10.9672,20.1609,9
19783001319551,6,defender,72281,11.169,20.4339,9
19783001319551,6,defender,72282,11.3978,20.6061,9
19783001319551,6,defender,72283,11.3462,20.6646,9
19783001319551,6,defender,72284,11.4006,20.5963,9
19783001319551,6,defender,72285,11.666,20.7506,9
19783001319551,6,defender,72286,11.8174,20.9902,9
19783001319551,6,defender,72287,11.8923,20.9144,9
19783001319551,6,defender,72288,12.1075,20.8512,9
19783001319551,6,defender,72289,12.2377,20.461,9
19783001319551,6,defender,72290,12.3544,19.8883,9
19783001319551,6,defender,72291,12.0699,19.2842,9
19783001319551,6,defender,72292,12.1215,19.5052,9
19783001319551,6,defender,72293,11.9982,18.6288,9
19783001319551,6,defender,72294,11.5088,18.1602,9
19783001319551,6,defender,72295,11.5719,18.1129,9
19783001319551,6,defender,72296,11.3476,17.8122,9
19783001319551,6,defender,72297,11.1031,17.3671,9
19783001319551,6,defender,72298,10.7879,17.4206,9
19783001319551,6,defender,72299,10.499,17.501,9
19783001319551,6,defender,72300,10.3842,17.2499,9
19783001319551,6,defender,72301,10.1317,17.3512,9
19783001319551,6,defender,72302,10.229,17.1226,9
19783001319551,6,defender,72303,9.9582,17.6212,9
19783001319551,6,defender,72304,9.45813,17.2872,9
19783001319551,6,defender,72305,9.55306,17.1963,9
19783001319551,6,defender,72306,9.60118,17.2947,9
19783001319551,6,defender,72307,9.41809,17.036,9
19783001319551,6,defender,72308,9.32414,17.035,9
19783001319551,6,defender,72309,9.13703,17.3681,9
19783001319551,6,defender,72310,9.07619,16.6398,9
19783001319551,6,defender,72311,8.7759,16.7604,9
19783001319551,6,defender,72312,8.39408,16.5905,9
19783001319551,6,defender,72313,8.25936,16.2849,9
19783001319551,6,defender,72314,8.32295,17.0478,9
19783001319551,6,defender,72315,8.20309,16.6191,9
19783001319551,6,defender,72316,8.39349,16.896,9
19783001319551,6,defender,72317,8.57389,17.8664,9
19783001319551,6,defender,72318,8.36473,17.5382,9
19783001319551,6,defender,72319,8.19509,17.3485,9
19783001319551,6,defender,72320,8.64786,17.8883,9
19783001319551,6,defender,72321,8.63492,18.2545,9
19783001319551,6,defender,72322,8.60372,18.2099,9
19783001319551,6,defender,72323,9.00566,18.4967,9
19783001319551,6,defender,72324,9.18181,18.6097,9
19783001319551,6,defender,72325,8.81756,19.0615,9
19783001319551,6,defender,72326,9.0865,19.0284,9
19783001319551,6,defender,72327,9.12312,19.0655,9
19783001319551,6,defender,72328,8.97998,19.8229,9
19783001319551,6,defender,72329,9.09069,20.3489,9
19783001319551,6,defender,72330,9.00737,20.69,9
19783001319551,6,defender,72331,8.76728,20.7923,9
19783001319551,6,defender,72332,9.02203,21.445,9
19783001319551,6,defender,72333,9.08655,21.7347,9
19783001319551,6,defender,72334,8.84692,21.6989,9
19783001319551,6,defender,72335,8.90158,22.3854,9
19783001319551,6,defender,72336,8.89401,22.7547,9
19783001319551,6,defender,72337,9.04364,22.6879,9
19783001319551,6,defender,72338,9.31702,23.0427,9
19783001319551,6,defender,72339,9.07169,23.1485,9
19783001319551,6,defender,72340,8.73543,22.8933,9
19783001319551,6,defender,72341,9.03475,23.2681,9
19783001319551,6,defender,72342,8.99778,23.08,9
19783001319551,6,defender,72343,9.10011,23.5432,9
19783001319551,6,defender,72344,8.71707,23.5587,9
19783001319551,6,defender,72345,8.52512,23.7906,9
19783001319551,6,defender,72346,7.94614,23.5016,9
19783001319551,6,defender,72347,7.70427,24.0953,9
19783001319551,6,defender,72348,7.69218,24.6761,9
19783001319551,6,defender,72349,7.14732,24.3944,9
19783001319551,6,defender,72350,6.98821,24.5734,9
19783001319551,6,defender,72351,7.48192,25.3994,9
19783001319551,6,defender,72352,7.76305,25.804,9
19783001319551,6,defender,72353,7.85021,26.2328,9
19783001319551,6,defender,72354,7.98017,27.1014,9
19783001319551,6,defender,72355,7.39376,27.0897,9
19783001319551,6,defender,72356,7.93665,28.2309,9
19783001319551,6,defender,72357,7.91274,27.9554,9
19783001319551,6,defender,72358,7.57064,28.4612,9
19783001319551,6,defender,72359,7.66186,28.5099,9
19783001319551,6,defender,72360,7.49326,28.4325,9
19783001319551,6,defender,72361,7.47321,28.8344,9
19783001319551,6,defender,72362,7.25677,29.0189,9
19783001319551,6,defender,72363,7.30509,29.4557,9
19783001319551,6,defender,72364,7.20079,29.2694,9
19783001319551,6,defender,72365,6.38967,29.128,9
19783001319551,6,defender,72366,7.25185,29.7564,9
19783001319551,6,defender,72367,7.12994,30.1835,9
19783001319551,6,defender,72368,7.54413,30.7993,9
19783001319551,6,defender,72369,7.41545,31.0747,9
19783001319551,6,defender,72370,7.8028,31.6734,9
19783001319551,6,defender,72371,7.82982,32.1161,9
19783001319551,6,defender,72372,7.95359,32.2966,9
19783001319551,6,defender,72373,7.70127,32.5634,9
19783001319551,6,defender,72374,7.05106,32.4477,9
19783001319551,6,defender,72375,7.20695,32.4814,9
19783001319551,6,defender,72376,6.69783,31.9136,9
19783001319551,6,defender,72377,6.8093,31.9574,9
19783001319551,6,defender,72200,15.8791,25.6889,10
19783001319551,6,defender,72201,15.599,26.5955,10
19783001319551,6,defender,72202,15.7205,27.1048,10
19783001319551,6,defender,72203,15.2402,27.3874,10
19783001319551,6,defender,72204,14.4672,27.1495,10
19783001319551,6,defender,72205,14.2806,27.813,10
19783001319551,6,defender,72206,13.6402,27.6554,10
19783001319551,6,defender,72207,13.2512,27.9538,10
19783001319551,6,defender,72208,12.8944,28.4147,10
19783001319551,6,defender,72209,12.6978,29.0137,10
19783001319551,6,defender,72210,12.2439,29.4672,10
19783001319551,6,defender,72211,11.6126,29.8598,10
19783001319551,6,defender,72212,11.4467,30.0422,10
19783001319551,6,defender,72213,11.4731,30.8066,10
19783001319551,6,defender,72214,10.2346,31.0615,10
19783001319551,6,defender,72215,10.8245,31.8993,10
19783001319551,6,defender,72216,10.732,32.2408,10
19783001319551,6,defender,72217,10.6525,33.1684,10
19783001319551,6,defender,72218,10.0889,33.8696,10
19783001319551,6,defender,72219,9.08002,34.4097,10
19783001319551,6,defender,72220,9.63751,35.0012,10
19783001319551,6,defender,72221,9.21706,35.3101,10
19783001319551,6,defender,72222,9.26137,35.963,10
19783001319551,6,defender,72223,9.32813,36.605,10
19783001319551,6,defender,72224,9.09527,36.7636,10
19783001319551,6,defender,72225,8.43902,37.6869,10
19783001319551,6,defender,72226,8.33707,37.6184,10
19783001319551,6,defender,72227,8.10502,37.8992,10
19783001319551,6,defender,72228,7.98572,38.2508,10
19783001319551,6,defender,72229,7.75692,38.5216,10
19783001319551,6,defender,72230,6.86955,38.7415,10
19783001319551,6,defender,72231,7.41248,38.9759,10
19783001319551,6,defender,72232,7.3573,39.299,10
19783001319551,6,defender,72233,7.18168,39.5366,10
19783001319551,6,defender,72234,7.14988,40.0467,10
19783001319551,6,defender,72235,7.28931,40.3419,10
19783001319551,6,defender,72236,5.64035,40.1038,10
19783001319551,6,defender,72237,6.06096,40.0889,10
19783001319551,6,defender,72238,5.40067,40.5044,10
19783001319551,6,defender,72239,6.43536,40.8012,10
19783001319551,6,defender,72240,5.07483,41.1817,10
19783001319551,6,defender,72241,5.67898,40.7987,10
19783001319551,6,defender,72242,4.83674,41.2312,10
19783001319551,6,defender,72243,6.61211,40.99,10
19783001319551,6,defender,72244,6.33181,41.1421,10
19783001319551,6,defender,72245,5.50498,41.282,10
19783001319551,6,defender,72246,5.84683,40.2054,10
19783001319551,6,defender,72247,6.86078,40.9057,10
19783001319551,6,defender,72248,6.70884,40.726,10
19783001319551,6,defender,72249,6.1649,40.7717,10
19783001319551,6,defender,72250,7.2104,41.2436,10
19783001319551,6,defender,72251,7.02893,41.2824,10
19783001319551,6,defender,72252,7.0458,41.3766,10
19783001319551,6,defender,72253,6.97591,41.3696,10
19783001319551,6,defender,72254,6.94187,41.2497,10
19783001319551,6,defender,72255,6.85509,41.3887,10
19783001319551,6,defender,72256,6.67884,40.8776,10
19783001319551,6,defender,72257,6.89997,41.1851,10
19783001319551,6,defender,72258,6.36705,41.3247,10
19783001319551,6,defender,72259,6.34276,41.4434,10
19783001319551,6,defender,72260,6.75059,41.2353,10
19783001319551,6,defender,72261,5.98297,41.4502,10
19783001319551,6,defender,72262,6.2298,41.8845,10
19783001319551,6,defender,72263,6.65319,41.4275,10
19783001319551,6,defender,72264,7.18514,41.2788,10
19783001319551,6,defender,72265,6.96504,41.1376,10
19783001319551,6,defender,72266,5.49684,42.3254,10
19783001319551,6,defender,72267,6.59775,41.1887,10
19783001319551,6,defender,72268,6.73577,41.5404,10
19783001319551,6,defender,72269,6.36991,41.7106,10
19783001319551,6,defender,72270,6.79646,41.2699,10
19783001319551,6,defender,72271,5.63147,41.7376,10
19783001319551,6,defender,72272,5.13519,41.4039,10
19783001319551,6,defender,72273,6.18434,40.8206,10
19783001319551,6,defender,72274,6.8622,41.0481,10
19783001319551,6,defender,72275,6.71794,40.721,10
19783001319551,6,defender,72276,6.46387,40.9377,10
19783001319551,6,defender,72277,6.82307,40.7191,10
19783001319551,6,defender,72278,6.79102,40.5624,10
19783001319551,6,defender,72279,6.76685,40.3567,10
19783001319551,6,defender,72280,6.88277,40.1577,10
19783001319551,6,defender,72281,7.20717,40.1677,10
19783001319551,6,defender,72282,7.38879,40.2132,10
19783001319551,6,defender,72283,7.39873,39.677,10
19783001319551,6,defender,72284,7.17832,39.5675,10
19783001319551,6,defender,72285,7.3139,39.4324,10
19783001319551,6,defender,72286,7.47387,39.0335,10
19783001319551,6,defender,72287,7.5079,39.0273,10
19783001319551,6,defender,72288,7.52533,39.0973,10
19783001319551,6,defender,72289,7.5779,38.6575,10
19783001319551,6,defender,72290,7.41152,38.6943,10
19783001319551,6,defender,72291,7.61809,38.6711,10
19783001319551,6,defender,72292,7.51102,38.5443,10
19783001319551,6,defender,72293,7.38517,38.4454,10
19783001319551,6,defender,72294,7.01482,38.4361,10
19783001319551,6,defender,72295,7.62335,38.3252,10
19783001319551,6,defender,72296,7.81191,38.3079,10
19783001319551,6,defender,72297,6.88537,38.5661,10
19783001319551,6,defender,72298,7.28932,38.47,10
19783001319551,6,defender,72299,7.84092,37.9314,10
19783001319551,6,defender,72300,7.11993,38.1259,10
19783001319551,6,defender,72301,7.63064,37.5995,10
19783001319551,6,defender,72302,6.53466,37.3557,10
19783001319551,6,defender,72303,7.66804,36.5589,10
19783001319551,6,defender,72304,7.71048,36.5485,10
19783001319551,6,defender,72305,7.19448,36.1817,10
19783001319551,6,defender,72306,7.48662,35.6737,10
19783001319551,6,defender,72307,6.52657,35.4599,10
19783001319551,6,defender,72308,7.2545,34.852,10
19783001319551,6,defender,72309,7.16157,34.7209,10
19783001319551,6,defender,72310,7.2144,34.098,10
19783001319551,6,defender,72311,7.09988,33.9244,10
19783001319551,6,defender,72312,6.71302,33.5672,10
19783001319551,6,defender,72313,5.94883,33.5561,10
19783001319551,6,defender,72314,6.55243,33.4765,10
19783001319551,6,defender,72315,6.23023,33.1132,10
19783001319551,6,defender,72316,6.85079,33.1707,10
19783001319551,6,defender,72317,7.88204,33.3409,10
19783001319551,6,defender,72318,7.672,33.0521,10
19783001319551,6,defender,72319,6.54996,33.5448,10
19783001319551,6,defender,72320,8.13317,33.5208,10
19783001319551,6,defender,72321,7.99934,33.8913,10
19783001319551,6,defender,72322,7.60664,33.9128,10
19783001319551,6,defender,72323,8.36135,34.0383,10
19783001319551,6,defender,72324,8.6255,34.0785,10
19783001319551,6,defender,72325,8.82732,34.6027,10
19783001319551,6,defender,72326,8.59803,34.15,10
19783001319551,6,defender,72327,8.14654,34.4742,10
19783001319551,6,defender,72328,8.74205,34.3148,10
19783001319551,6,defender,72329,8.73648,34.264,10
19783001319551,6,defender,72330,8.7735,34.0032,10
19783001319551,6,defender,72331,8.4898,33.2506,10
19783001319551,6,defender,72332,8.35689,33.6523,10
19783001319551,6,defender,72333,8.63521,33.3559,10
19783001319551,6,defender,72334,7.70072,33.4689,10
19783001319551,6,defender,72335,8.16819,33.5415,10
19783001319551,6,defender,72336,7.61817,33.7825,10
19783001319551,6,defender,72337,8.00232,33.455,10
19783001319551,6,defender,72338,8.39952,33.8569,10
19783001319551,6,defender,72339,8.20096,34.3118,10
19783001319551,6,defender,72340,7.9812,34.6068,10
19783001319551,6,defender,72341,8.08908,35.0603,10
19783001319551,6,defender,72342,8.57885,35.4368,10
19783001319551,6,defender,72343,9.20732,35.9775,10
19783001319551,6,defender,72344,9.13719,35.759,10
19783001319551,6,defender,72345,9.21835,35.5494,10
19783001319551,6,defender,72346,8.35543,36.4443,10
19783001319551,6,defender,72347,8.12127,36.5272,10
19783001319551,6,defender,72348,8.70743,35.6536,10
19783001319551,6,defender,72349,8.10753,35.0561,10
19783001319551,6,defender,72350,7.87424,35.0381,10
19783001319551,6,defender,72351,8.39803,34.8493,10
19783001319551,6,defender,72352,8.60875,34.3895,10
19783001319551,6,defender,72353,8.56068,34.1501,10
19783001319551,6,defender,72354,8.53637,34.3869,10
19783001319551,6,defender,72355,7.47167,34.1802,10
19783001319551,6,defender,72356,8.05828,34.2193,10
19783001319551,6,defender,72357,8.0016,33.5057,10
19783001319551,6,defender,72358,7.45075,33.9137,10
19783001319551,6,defender,72359,7.83775,33.3728,10
19783001319551,6,defender,72360,7.41779,33.2847,10
19783001319551,6,defender,72361,7.59177,33.4629,10
19783001319551,6,defender,72362,7.57215,33.4782,10
19783001319551,6,defender,72363,7.8737,33.2866,10
19783001319551,6,defender,72364,7.88114,32.9452,10
19783001319551,6,defender,72365,7.07046,32.7895,10
19783001319551,6,defender,72366,8.07305,32.9119,10
19783001319551,6,defender,72367,7.96522,32.9414,10
19783001319551,6,defender,72368,8.39231,33.0975,10
19783001319551,6,defender,72369,8.25348,32.8651,10
19783001319551,6,defender,72370,8.63704,32.9582,10
19783001319551,6,defender,72371,8.70475,32.9771,10
19783001319551,6,defender,72372,8.90605,32.9311,10
19783001319551,6,defender,72373,8.78736,33.2122,10
19783001319551,6,defender,72374,8.29975,33.402,10
19783001319551,6,defender,72375,8.57842,33.8977,10
19783001319551,6,defender,72376,8.02585,33.8004,10
19783001319551,6,defender,72377,8.08859,33.9068,10
19783001319551,6,shooter,72310,10.9495,2.36539,21
19783001319551,6,shooter,72311,10.824,2.20784,21
19783001319551,6,shooter,72312,10.464,2.15765,21
19783001319551,6,shooter,72313,10.8348,1.41064,21
19783001319551,6,shooter,72314,10.4346,1.53475,21
19783001319551,6,shooter,72315,10.4677,0.44024,21
19783001319551,6,shooter,72316,10.2456,-0.155303,21
19783001319551,6,shooter,72317,9.53618,-0.315467,21
19783001319551,6,shooter,72318,9.25316,-0.498698,21
19783001319551,6,shooter,72319,10.0482,-0.517719,21
19783001319551,6,shooter,72320,9.26719,-0.528373,21
19783001319551,6,shooter,72321,9.39224,0.00551057,21
19783001319551,6,shooter,72322,9.76217,0.778689,21
19783001319551,6,shooter,72323,9.84031,1.32281,21
19783001319551,6,shooter,72324,10.0166,1.74875,21
19783001319551,6,shooter,72325,9.18592,0.845742,21
19783001319551,6,shooter,72326,10.1081,2.78018,21
19783001319551,6,shooter,72327,10.7962,3.17371,21
19783001319551,6,shooter,72328,10.0734,3.07265,21
19783001319551,6,shooter,72329,10.4183,3.98486,21
19783001319551,6,shooter,72330,10.272,3.81546,21
19783001319551,6,shooter,72331,10.0588,4.38471,21
19783001319551,6,shooter,72332,10.8615,3.478,21
19783001319551,6,shooter,72333,10.4362,3.47236,21
19783001319551,6,shooter,72334,11.0253,3.33548,21
19783001319551,6,shooter,72335,10.3033,2.87295,21
19783001319551,6,shooter,72336,10.9901,3.58853,21
19783001319551,6,shooter,72337,10.6813,3.09483,21
19783001319551,6,shooter,72338,10.7559,3.41376,21
19783001319551,6,shooter,72339,10.6679,2.50206,21
19783001319551,6,shooter,72340,10.5527,1.55164,21
19783001319551,6,shooter,72341,11.6529,3.47679,21
19783001319551,6,shooter,72342,11.5539,2.23022,21
19783001319551,6,shooter,72343,11.7166,1.91108,21
19783001319551,6,shooter,72344,11.4788,4.67346,21
19783001319551,6,shooter,72345,11.6971,4.27775,21
19783001319551,6,shooter,72346,12.4419,4.58555,21
19783001319551,6,shooter,72347,13.5661,3.02439,21
19783001319551,6,shooter,72348,13.106,3.36734,21
19783001319551,6,shooter,72349,13.4139,2.69755,21
19783001319551,6,shooter,72350,13.8753,2.2546,21
19783001319551,6,shooter,72351,14.0955,2.27521,21
19783001319551,6,shooter,72352,14.4472,1.72817,21
19783001319551,6,shooter,72353,14.5367,1.45439,21
19783001319551,6,shooter,72354,14.7628,1.78038,21
19783001319551,6,shooter,72355,15.3171,2.3206,21
19783001319551,6,shooter,72356,15.5902,2.59396,21
19783001319551,6,shooter,72357,15.3929,1.94131,21
19783001319551,6,shooter,72358,16.4231,2.52952,21
19783001319551,6,shooter,72359,16.1831,0.569172,21
19783001319551,6,shooter,72360,17.7116,1.78817,21
19783001319551,6,shooter,72361,17.9412,1.77688,21
19783001319551,6,shooter,72362,18.0546,2.35049,21
19783001319551,6,shooter,72363,17.4299,2.50889,21
19783001319551,6,shooter,72364,17.6899,1.93904,21
19783001319551,6,shooter,72365,18.3417,1.74488,21
19783001319551,6,shooter,72366,18.2136,2.2685,21
19783001319551,6,shooter,72367,18.4848,2.0414,21
19783001319551,6,shooter,72368,18.8829,2.15166,21
19783001319551,6,shooter,72369,19.1796,2.01025,21
19783001319551,6,shooter,72370,19.8522,2.56271,21
19783001319551,6,shooter,72371,20.2297,3.20593,21
19783001319551,6,shooter,72372,20.8733,3.47254,21
19783001319551,6,shooter,72373,21.0481,3.64446,21
19783001319551,6,shooter,72374,21.9896,4.22381,21
19783001319551,6,shooter,72375,21.7852,4.41818,21
19783001319551,6,shooter,72376,22.1754,4.98475,21
19783001319551,6,shooter,72377,22.7285,4.42651,21